Id,NAME,ADDRESS,CITY,STATE_HEADQUARTERED,ZIP,PHONE,AMOUNT_COVERED,AMOUNT_UNCOVERED,REVENUE,COVERED_ENCOUNTERS,UNCOVERED_ENCOUNTERS,COVERED_MEDICATIONS,UNCOVERED_MEDICATIONS,COVERED_PROCEDURES,UNCOVERED_PROCEDURES,COVERED_IMMUNIZATIONS,UNCOVERED_IMMUNIZATIONS,UNIQUE_CUSTOMERS,QOLS_AVG,MEMBER_MONTHS
b3221cfc-24fb-339e-823d-bc4136cbc4ed,Dual Eligible,7500 Security Blvd,Baltimore,MD,21244,1-877-267-2323,958.46,873.93,27000.00,7,0,15,0,9,0,8,0,1,0.0,72
7caa7254-5050-3b5e-9eae-bd5ea30e809c,Medicare,7500 Security Blvd,Baltimore,MD,21244,1-800-633-4227,40664.72,7976.88,135000.00,116,0,132,0,76,0,52,0,3,0.8426562154125463,552
7c4411ce-02f1-39b5-b9ec-dfbea9ad3c1a,Medicaid,7500 Security Blvd,Baltimore,MD,21244,1-877-267-2323,103295.83,53825.65,789750.00,793,0,185,0,1284,0,240,0,14,0.9119479037184501,3180
d47b3510-2895-3b70-9897-342d681c769d,Humana,500 West Main St,Louisville,KY,40018,1-844-330-7799,13604.00,14880.00,1650700.00,200,32,0,89,334,7,89,1,7,0.922764510268344,972
6e2f1a2d-27bd-3701-8d08-dae202c58632,Blue Cross Blue Shield,Michigan Plaza,Chicago,IL,60007,1-800-262-2583,36642.53,28987.03,3204000.00,317,0,175,0,286,0,158,0,7,0.8888028192218769,1800
5059a55e-5d6e-34d1-b6cb-d83d16e57bcf,UnitedHealthcare,9800 Healthcare Lane,Minnetonka,MN,55436,1-888-545-5205,14701.26,14210.00,2207800.00,203,9,0,19,341,1,35,1,5,0.9459789721889535,1164
4d71f845-a6a9-3c39-b242-14d25ef86a8d,Aetna,151 Farmington Ave,Hartford,CT,6156,1-800-872-3862,11581.54,7983.40,1298000.00,138,28,0,43,321,19,61,0,6,0.9358112594317105,660
047f6ec3-6215-35eb-9608-f9dda363a44c,Cigna Health,900 Cottage Grove Rd,Bloomfield,CT,6002,1-800-997-1654,17137.38,9780.00,2627100.00,189,31,0,25,274,15,78,5,5,0.9363192231807149,1260
42c4fca7-f8a9-3cd1-982a-dd9751bf3e2a,Anthem,220 Virginia Ave,Indianapolis,IN,46204,1-800-331-1476,4458.42,2805.00,1284800.00,51,64,0,22,19,158,54,0,5,0.9177325472955333,588
b1c428d6-4f07-31e0-90f0-68ffa6ff8c76,NO_INSURANCE,,,,,,0.00,79888.69,0.00,0,5,0,1,0,6,0,5,1,5.204091094427863,12
b3221cfc-24fb-339e-823d-bc4136cbc4ed,Dual Eligible,7500 Security Blvd,Baltimore,MD,21244,1-877-267-2323,0.00,0.00,0.00,0,0,0,0,0,0,0,0,0,NaN,0
7caa7254-5050-3b5e-9eae-bd5ea30e809c,Medicare,7500 Security Blvd,Baltimore,MD,21244,1-800-633-4227,16327.74,1213.30,21750.00,18,0,21,0,8,0,9,0,1,0.8736991788079305,96
7c4411ce-02f1-39b5-b9ec-dfbea9ad3c1a,Medicaid,7500 Security Blvd,Baltimore,MD,21244,1-877-267-2323,30670.93,10389.04,109500.00,179,0,17,0,370,0,59,0,5,0.8472991317506565,444
d47b3510-2895-3b70-9897-342d681c769d,Humana,500 West Main St,Louisville,KY,40018,1-844-330-7799,12705.28,8400.00,470900.00,112,7,0,13,147,2,44,0,2,1.0,276
6e2f1a2d-27bd-3701-8d08-dae202c58632,Blue Cross Blue Shield,Michigan Plaza,Chicago,IL,60007,1-800-262-2583,5306.14,2242.22,549000.00,39,0,6,0,18,0,46,0,1,0.9513758257613515,312
5059a55e-5d6e-34d1-b6cb-d83d16e57bcf,UnitedHealthcare,9800 Healthcare Lane,Minnetonka,MN,55436,1-888-545-5205,10595.20,4480.00,898700.00,80,5,0,29,77,1,67,0,4,0.9215510681515703,492
4d71f845-a6a9-3c39-b242-14d25ef86a8d,Aetna,151 Farmington Ave,Hartford,CT,6156,1-800-872-3862,13858.08,6305.00,1282000.00,107,68,0,52,140,49,71,4,3,0.9432866659989508,648
047f6ec3-6215-35eb-9608-f9dda363a44c,Cigna Health,900 Cottage Grove Rd,Bloomfield,CT,6002,1-800-997-1654,30553.68,11280.00,3328500.00,222,34,0,102,230,11,147,3,3,0.9624312151983555,1596
42c4fca7-f8a9-3cd1-982a-dd9751bf3e2a,Anthem,220 Virginia Ave,Indianapolis,IN,46204,1-800-331-1476,11767.08,3685.00,1843600.00,82,121,0,78,36,123,92,1,3,0.9844505752081777,840
b1c428d6-4f07-31e0-90f0-68ffa6ff8c76,NO_INSURANCE,,,,,,0.00,208620.38,0.00,0,72,0,49,0,33,0,52,1,0.9130214584012283,612
b3221cfc-24fb-339e-823d-bc4136cbc4ed,Dual Eligible,7500 Security Blvd,Baltimore,MD,21244,1-877-267-2323,1975.04,621.75,44500.00,12,0,10,0,19,0,10,0,1,0.8114407187754671,96
7caa7254-5050-3b5e-9eae-bd5ea30e809c,Medicare,7500 Security Blvd,Baltimore,MD,21244,1-800-633-4227,0.00,0.00,0.00,0,0,0,0,0,0,0,0,0,NaN,0
7c4411ce-02f1-39b5-b9ec-dfbea9ad3c1a,Medicaid,7500 Security Blvd,Baltimore,MD,21244,1-877-267-2323,185287.15,35590.81,511250.00,414,0,252,0,437,0,147,0,4,0.9092757626566502,2052
d47b3510-2895-3b70-9897-342d681c769d,Humana,500 West Main St,Louisville,KY,40018,1-844-330-7799,0.00,0.00,0.00,0,0,0,0,0,0,0,0,0,NaN,0
6e2f1a2d-27bd-3701-8d08-dae202c58632,Blue Cross Blue Shield,Michigan Plaza,Chicago,IL,60007,1-800-262-2583,2347.96,232.21,270000.00,13,0,1,0,7,0,27,0,2,0.8059010180524564,156
5059a55e-5d6e-34d1-b6cb-d83d16e57bcf,UnitedHealthcare,9800 Healthcare Lane,Minnetonka,MN,55436,1-888-545-5205,14838.72,8120.00,478800.00,116,3,0,9,146,0,29,1,1,1.0,252
4d71f845-a6a9-3c39-b242-14d25ef86a8d,Aetna,151 Farmington Ave,Hartford,CT,6156,1-800-872-3862,21935.48,6565.00,2288000.00,144,9,0,36,66,0,159,2,4,0.6811013021815526,1152
047f6ec3-6215-35eb-9608-f9dda363a44c,Cigna Health,900 Cottage Grove Rd,Bloomfield,CT,6002,1-800-997-1654,551.68,240.00,50400.00,4,0,0,0,27,0,0,0,1,0.9733368709922371,24
42c4fca7-f8a9-3cd1-982a-dd9751bf3e2a,Anthem,220 Virginia Ave,Indianapolis,IN,46204,1-800-331-1476,4156.32,0.00,338800.00,21,13,0,6,12,2,43,0,1,0.9229899781906395,156
b1c428d6-4f07-31e0-90f0-68ffa6ff8c76,NO_INSURANCE,,,,,,0.00,35411.80,0.00,0,52,0,13,0,28,0,43,1,0.7704558643643634,468
b3221cfc-24fb-339e-823d-bc4136cbc4ed,Dual Eligible,7500 Security Blvd,Baltimore,MD,21244,1-877-267-2323,0.00,0.00,0.00,0,0,0,0,0,0,0,0,0,NaN,0
7caa7254-5050-3b5e-9eae-bd5ea30e809c,Medicare,7500 Security Blvd,Baltimore,MD,21244,1-800-633-4227,52732.80,3259.18,39750.00,54,0,42,0,25,0,16,0,1,0.5652168756276531,168
7c4411ce-02f1-39b5-b9ec-dfbea9ad3c1a,Medicaid,7500 Security Blvd,Baltimore,MD,21244,1-877-267-2323,46675.23,28204.42,273500.00,442,0,95,0,819,0,110,0,7,0.6119484159214169,1488
d47b3510-2895-3b70-9897-342d681c769d,Humana,500 West Main St,Louisville,KY,40018,1-844-330-7799,6774.74,8400.00,938400.00,107,11,0,36,175,2,43,0,2,0.7832419245450362,552
6e2f1a2d-27bd-3701-8d08-dae202c58632,Blue Cross Blue Shield,Michigan Plaza,Chicago,IL,60007,1-800-262-2583,1764.98,1394.49,194400.00,19,0,4,0,44,0,8,0,1,0.994996381509634,108
5059a55e-5d6e-34d1-b6cb-d83d16e57bcf,UnitedHealthcare,9800 Healthcare Lane,Minnetonka,MN,55436,1-888-545-5205,3950.10,3850.00,571900.00,55,17,0,19,88,11,35,0,2,0.870146002632613,300
4d71f845-a6a9-3c39-b242-14d25ef86a8d,Aetna,151 Farmington Ave,Hartford,CT,6156,1-800-872-3862,11534.76,5200.00,1406000.00,118,63,0,31,172,49,109,1,4,0.9535705740857287,708
047f6ec3-6215-35eb-9608-f9dda363a44c,Cigna Health,900 Cottage Grove Rd,Bloomfield,CT,6002,1-800-997-1654,5656.48,3420.00,657300.00,64,6,0,11,71,0,44,2,2,0.9888395678715498,312
42c4fca7-f8a9-3cd1-982a-dd9751bf3e2a,Anthem,220 Virginia Ave,Indianapolis,IN,46204,1-800-331-1476,3539.60,715.00,781000.00,30,109,0,10,9,190,48,0,4,0.9015490445614703,360
b1c428d6-4f07-31e0-90f0-68ffa6ff8c76,NO_INSURANCE,,,,,,0.00,43241.60,0.00,0,35,0,8,0,16,0,29,0,Infinity,0
b3221cfc-24fb-339e-823d-bc4136cbc4ed,Dual Eligible,7500 Security Blvd,Baltimore,MD,21244,1-877-267-2323,0.00,0.00,0.00,0,0,0,0,0,0,0,0,0,NaN,0
7caa7254-5050-3b5e-9eae-bd5ea30e809c,Medicare,7500 Security Blvd,Baltimore,MD,21244,1-800-633-4227,0.00,0.00,0.00,0,0,0,0,0,0,0,0,0,NaN,0
7c4411ce-02f1-39b5-b9ec-dfbea9ad3c1a,Medicaid,7500 Security Blvd,Baltimore,MD,21244,1-877-267-2323,41190.43,8739.39,88750.00,140,0,27,0,118,0,47,0,2,0.8011164896393421,360
d47b3510-2895-3b70-9897-342d681c769d,Humana,500 West Main St,Louisville,KY,40018,1-844-330-7799,30924.96,12480.00,1050600.00,186,13,0,66,146,0,103,2,3,0.9443983406495937,624
6e2f1a2d-27bd-3701-8d08-dae202c58632,Blue Cross Blue Shield,Michigan Plaza,Chicago,IL,60007,1-800-262-2583,236722.09,33518.95,2282400.00,239,0,243,0,113,0,109,0,3,0.8277254170970959,1284
5059a55e-5d6e-34d1-b6cb-d83d16e57bcf,UnitedHealthcare,9800 Healthcare Lane,Minnetonka,MN,55436,1-888-545-5205,7211.12,2590.00,765700.00,42,2,0,9,19,0,38,0,1,0.9705882352941176,408
4d71f845-a6a9-3c39-b242-14d25ef86a8d,Aetna,151 Farmington Ave,Hartford,CT,6156,1-800-872-3862,7154.24,780.00,318000.00,34,0,0,2,16,0,43,0,1,0.9285714285714286,168
047f6ec3-6215-35eb-9608-f9dda363a44c,Cigna Health,900 Cottage Grove Rd,Bloomfield,CT,6002,1-800-997-1654,16063.19,4560.00,1671600.00,89,68,0,37,95,57,62,1,2,0.862654088348844,804
42c4fca7-f8a9-3cd1-982a-dd9751bf3e2a,Anthem,220 Virginia Ave,Indianapolis,IN,46204,1-800-331-1476,8082.76,1485.00,1089000.00,41,25,0,17,15,35,51,0,2,0.8916315765879133,504
b1c428d6-4f07-31e0-90f0-68ffa6ff8c76,NO_INSURANCE,,,,,,0.00,86605.01,0.00,0,0,0,0,0,0,0,0,0,NaN,0
b3221cfc-24fb-339e-823d-bc4136cbc4ed,Dual Eligible,7500 Security Blvd,Baltimore,MD,21244,1-877-267-2323,0.00,0.00,0.00,0,0,0,0,0,0,0,0,0,NaN,0
7caa7254-5050-3b5e-9eae-bd5ea30e809c,Medicare,7500 Security Blvd,Baltimore,MD,21244,1-800-633-4227,142405.21,14757.66,130250.00,153,0,239,0,58,0,42,0,4,0.7604169959212271,552
7c4411ce-02f1-39b5-b9ec-dfbea9ad3c1a,Medicaid,7500 Security Blvd,Baltimore,MD,21244,1-877-267-2323,42911.88,13967.62,173000.00,225,0,33,0,457,0,65,0,6,0.9104204159604272,696
d47b3510-2895-3b70-9897-342d681c769d,Humana,500 West Main St,Louisville,KY,40018,1-844-330-7799,10201.76,6080.00,1048900.00,88,16,0,29,84,10,44,0,3,0.8755467519054244,624
6e2f1a2d-27bd-3701-8d08-dae202c58632,Blue Cross Blue Shield,Michigan Plaza,Chicago,IL,60007,1-800-262-2583,36788.59,20029.40,4293000.00,266,0,31,0,199,0,107,0,6,0.9696663717239924,2388
5059a55e-5d6e-34d1-b6cb-d83d16e57bcf,UnitedHealthcare,9800 Healthcare Lane,Minnetonka,MN,55436,1-888-545-5205,8316.30,3710.00,929100.00,65,11,0,17,46,0,40,2,2,0.9438063342216849,492
4d71f845-a6a9-3c39-b242-14d25ef86a8d,Aetna,151 Farmington Ave,Hartford,CT,6156,1-800-872-3862,7786.20,3315.00,646000.00,60,18,0,19,59,2,44,2,4,0.8518518518518519,324
047f6ec3-6215-35eb-9608-f9dda363a44c,Cigna Health,900 Cottage Grove Rd,Bloomfield,CT,6002,1-800-997-1654,935.14,360.00,44100.00,7,1,0,4,32,1,0,1,2,0.4405793124969855,24
42c4fca7-f8a9-3cd1-982a-dd9751bf3e2a,Anthem,220 Virginia Ave,Indianapolis,IN,46204,1-800-331-1476,6085.86,1870.00,1430000.00,43,30,0,17,14,15,44,1,1,0.9796058233824627,660
b1c428d6-4f07-31e0-90f0-68ffa6ff8c76,NO_INSURANCE,,,,,,0.00,387845.76,0.00,0,630,0,480,0,512,0,207,5,0.8966372161968482,2868
b3221cfc-24fb-339e-823d-bc4136cbc4ed,Dual Eligible,7500 Security Blvd,Baltimore,MD,21244,1-877-267-2323,0.00,0.00,0.00,0,0,0,0,0,0,0,0,0,NaN,0
7caa7254-5050-3b5e-9eae-bd5ea30e809c,Medicare,7500 Security Blvd,Baltimore,MD,21244,1-800-633-4227,12572.86,686.24,41750.00,25,0,7,0,11,0,14,0,1,0.8439918602250442,168
7c4411ce-02f1-39b5-b9ec-dfbea9ad3c1a,Medicaid,7500 Security Blvd,Baltimore,MD,21244,1-877-267-2323,9369.30,2645.39,13250.00,43,0,6,0,118,0,2,0,3,0.7539688507888127,60
d47b3510-2895-3b70-9897-342d681c769d,Humana,500 West Main St,Louisville,KY,40018,1-844-330-7799,5902.18,3440.00,368900.00,43,0,0,3,62,0,13,0,1,1.0,216
6e2f1a2d-27bd-3701-8d08-dae202c58632,Blue Cross Blue Shield,Michigan Plaza,Chicago,IL,60007,1-800-262-2583,10473.62,5242.65,664200.00,71,0,12,0,112,0,40,0,1,0.7825432212576746,372
5059a55e-5d6e-34d1-b6cb-d83d16e57bcf,UnitedHealthcare,9800 Healthcare Lane,Minnetonka,MN,55436,1-888-545-5205,5298.76,350.00,269800.00,26,2,0,4,16,0,43,0,2,0.8461538461538461,156
4d71f845-a6a9-3c39-b242-14d25ef86a8d,Aetna,151 Farmington Ave,Hartford,CT,6156,1-800-872-3862,23330.50,6760.00,1290000.00,141,47,0,38,214,6,106,0,4,0.7578532930169081,660
047f6ec3-6215-35eb-9608-f9dda363a44c,Cigna Health,900 Cottage Grove Rd,Bloomfield,CT,6002,1-800-997-1654,14418.06,3180.00,909300.00,81,7,0,19,74,2,89,0,2,0.9694161558413321,432
42c4fca7-f8a9-3cd1-982a-dd9751bf3e2a,Anthem,220 Virginia Ave,Indianapolis,IN,46204,1-800-331-1476,5580.06,1155.00,842600.00,31,18,0,5,14,9,47,3,2,0.8587381525855401,384
b1c428d6-4f07-31e0-90f0-68ffa6ff8c76,NO_INSURANCE,,,,,,0.00,61031.16,0.00,0,104,0,4,0,73,0,39,1,0.9411764705882353,204
b3221cfc-24fb-339e-823d-bc4136cbc4ed,Dual Eligible,7500 Security Blvd,Baltimore,MD,21244,1-877-267-2323,0.00,0.00,0.00,0,0,0,0,0,0,0,0,0,NaN,0
7caa7254-5050-3b5e-9eae-bd5ea30e809c,Medicare,7500 Security Blvd,Baltimore,MD,21244,1-800-633-4227,11751.07,400.00,17250.00,9,0,6,0,4,0,7,0,1,0.7965057700404624,72
7c4411ce-02f1-39b5-b9ec-dfbea9ad3c1a,Medicaid,7500 Security Blvd,Baltimore,MD,21244,1-877-267-2323,71685.07,15980.44,167250.00,250,0,64,0,184,0,111,0,5,0.3974457032173689,780
d47b3510-2895-3b70-9897-342d681c769d,Humana,500 West Main St,Louisville,KY,40018,1-844-330-7799,2470.66,1840.00,163200.00,23,2,0,11,63,0,8,0,1,0.9674854165061624,96
6e2f1a2d-27bd-3701-8d08-dae202c58632,Blue Cross Blue Shield,Michigan Plaza,Chicago,IL,60007,1-800-262-2583,39289.02,11768.03,1710000.00,131,0,55,0,97,0,75,0,2,0.9574478618275866,960
5059a55e-5d6e-34d1-b6cb-d83d16e57bcf,UnitedHealthcare,9800 Healthcare Lane,Minnetonka,MN,55436,1-888-545-5205,15928.46,5250.00,1293900.00,113,7,0,53,51,0,113,2,3,0.9429066564800912,696
4d71f845-a6a9-3c39-b242-14d25ef86a8d,Aetna,151 Farmington Ave,Hartford,CT,6156,1-800-872-3862,10126.18,4680.00,1240000.00,79,1,0,10,122,0,45,0,2,0.9775420537431185,624
047f6ec3-6215-35eb-9608-f9dda363a44c,Cigna Health,900 Cottage Grove Rd,Bloomfield,CT,6002,1-800-997-1654,8867.46,2940.00,680400.00,63,5,0,19,65,0,53,0,1,0.9972420032202848,324
42c4fca7-f8a9-3cd1-982a-dd9751bf3e2a,Anthem,220 Virginia Ave,Indianapolis,IN,46204,1-800-331-1476,4864.86,1320.00,871200.00,33,29,0,42,17,11,35,1,1,0.9455264872405674,396
b1c428d6-4f07-31e0-90f0-68ffa6ff8c76,NO_INSURANCE,,,,,,0.00,130944.22,0.00,0,47,0,15,0,9,0,13,0,Infinity,0
b3221cfc-24fb-339e-823d-bc4136cbc4ed,Dual Eligible,7500 Security Blvd,Baltimore,MD,21244,1-877-267-2323,0.00,0.00,0.00,0,0,0,0,0,0,0,0,0,NaN,0
7caa7254-5050-3b5e-9eae-bd5ea30e809c,Medicare,7500 Security Blvd,Baltimore,MD,21244,1-800-633-4227,0.00,0.00,1750.00,0,0,0,0,0,0,0,0,1,0.0,12
7c4411ce-02f1-39b5-b9ec-dfbea9ad3c1a,Medicaid,7500 Security Blvd,Baltimore,MD,21244,1-877-267-2323,26012.41,10735.23,172000.00,174,0,31,0,254,0,55,0,5,0.8932611926354493,696
d47b3510-2895-3b70-9897-342d681c769d,Humana,500 West Main St,Louisville,KY,40018,1-844-330-7799,3819.38,3107.69,328100.00,39,1,0,3,60,0,28,0,1,0.9284539919031927,192
6e2f1a2d-27bd-3701-8d08-dae202c58632,Blue Cross Blue Shield,Michigan Plaza,Chicago,IL,60007,1-800-262-2583,5611.42,2763.67,430200.00,37,0,10,0,54,0,11,0,1,0.6389157656154384,240
5059a55e-5d6e-34d1-b6cb-d83d16e57bcf,UnitedHealthcare,9800 Healthcare Lane,Minnetonka,MN,55436,1-888-545-5205,4674.79,560.00,281200.00,29,0,0,0,7,0,43,0,1,0.9206373824716286,156
4d71f845-a6a9-3c39-b242-14d25ef86a8d,Aetna,151 Farmington Ave,Hartford,CT,6156,1-800-872-3862,24621.17,12090.00,2550000.00,229,112,0,119,207,8,133,4,3,0.7394139105748011,1296
047f6ec3-6215-35eb-9608-f9dda363a44c,Cigna Health,900 Cottage Grove Rd,Bloomfield,CT,6002,1-800-997-1654,8612.64,2940.00,1024800.00,64,2,0,29,28,0,58,1,1,0.951709259754747,492
42c4fca7-f8a9-3cd1-982a-dd9751bf3e2a,Anthem,220 Virginia Ave,Indianapolis,IN,46204,1-800-331-1476,7759.07,2530.00,1170400.00,57,41,0,17,27,89,71,0,2,0.9777777777777777,540
b1c428d6-4f07-31e0-90f0-68ffa6ff8c76,NO_INSURANCE,,,,,,0.00,151647.12,0.00,0,43,0,13,0,21,0,53,1,0.9565217391304348,276
b3221cfc-24fb-339e-823d-bc4136cbc4ed,Dual Eligible,7500 Security Blvd,Baltimore,MD,21244,1-877-267-2323,0.00,0.00,0.00,0,0,0,0,0,0,0,0,0,NaN,0
7caa7254-5050-3b5e-9eae-bd5ea30e809c,Medicare,7500 Security Blvd,Baltimore,MD,21244,1-800-633-4227,0.00,0.00,0.00,0,0,0,0,0,0,0,0,0,NaN,0
7c4411ce-02f1-39b5-b9ec-dfbea9ad3c1a,Medicaid,7500 Security Blvd,Baltimore,MD,21244,1-877-267-2323,57318.26,17070.17,180000.00,256,0,58,0,586,0,64,0,4,0.61882580094981,732
d47b3510-2895-3b70-9897-342d681c769d,Humana,500 West Main St,Louisville,KY,40018,1-844-330-7799,19578.32,13600.00,2660500.00,203,14,0,46,178,3,140,5,4,0.8983519214539274,1584
6e2f1a2d-27bd-3701-8d08-dae202c58632,Blue Cross Blue Shield,Michigan Plaza,Chicago,IL,60007,1-800-262-2583,52544.69,10265.85,1229400.00,100,0,61,0,39,0,65,0,2,0.3373721397061069,684
5059a55e-5d6e-34d1-b6cb-d83d16e57bcf,UnitedHealthcare,9800 Healthcare Lane,Minnetonka,MN,55436,1-888-545-5205,28638.24,19740.00,2067200.00,296,21,0,101,271,6,98,1,3,0.9770367902226411,1092
4d71f845-a6a9-3c39-b242-14d25ef86a8d,Aetna,151 Farmington Ave,Hartford,CT,6156,1-800-872-3862,4552.28,1495.00,678000.00,37,74,0,14,18,61,27,4,1,0.8784712775112136,348
047f6ec3-6215-35eb-9608-f9dda363a44c,Cigna Health,900 Cottage Grove Rd,Bloomfield,CT,6002,1-800-997-1654,6816.72,3480.00,999600.00,63,8,0,10,79,2,41,0,1,0.9659940995353459,480
42c4fca7-f8a9-3cd1-982a-dd9751bf3e2a,Anthem,220 Virginia Ave,Indianapolis,IN,46204,1-800-331-1476,3699.44,550.00,455400.00,26,11,0,3,13,5,45,0,1,0.9444444444444444,216
b1c428d6-4f07-31e0-90f0-68ffa6ff8c76,NO_INSURANCE,,,,,,0.00,106638.73,0.00,0,116,0,8,0,287,0,42,1,1.4094639628288985,480
b3221cfc-24fb-339e-823d-bc4136cbc4ed,Dual Eligible,7500 Security Blvd,Baltimore,MD,21244,1-877-267-2323,8134.70,3505.48,88000.00,31,0,5,0,15,0,16,0,2,0.7209897231773957,192
7caa7254-5050-3b5e-9eae-bd5ea30e809c,Medicare,7500 Security Blvd,Baltimore,MD,21244,1-800-633-4227,118132.20,8009.08,175250.00,150,0,100,0,61,0,62,0,4,0.8693651192570037,732
7c4411ce-02f1-39b5-b9ec-dfbea9ad3c1a,Medicaid,7500 Security Blvd,Baltimore,MD,21244,1-877-267-2323,275546.80,62636.38,733250.00,922,0,185,0,1667,0,167,0,10,0.8274805248503148,2952
d47b3510-2895-3b70-9897-342d681c769d,Humana,500 West Main St,Louisville,KY,40018,1-844-330-7799,5787.76,3520.00,448800.00,44,0,0,3,59,0,13,0,1,1.0,264
6e2f1a2d-27bd-3701-8d08-dae202c58632,Blue Cross Blue Shield,Michigan Plaza,Chicago,IL,60007,1-800-262-2583,2184.64,1229.74,194400.00,16,0,1,0,66,0,2,0,1,1.0,108
5059a55e-5d6e-34d1-b6cb-d83d16e57bcf,UnitedHealthcare,9800 Healthcare Lane,Minnetonka,MN,55436,1-888-545-5205,8136.32,2520.00,547200.00,51,12,0,50,16,8,30,0,1,0.8363750729145404,288
4d71f845-a6a9-3c39-b242-14d25ef86a8d,Aetna,151 Farmington Ave,Hartford,CT,6156,1-800-872-3862,21150.22,9100.00,2570000.00,143,9,0,69,105,1,92,4,3,0.9767537882648488,1284
047f6ec3-6215-35eb-9608-f9dda363a44c,Cigna Health,900 Cottage Grove Rd,Bloomfield,CT,6002,1-800-997-1654,34049.56,11220.00,2706900.00,214,12,0,110,173,3,124,2,5,0.8996503296947759,1296
42c4fca7-f8a9-3cd1-982a-dd9751bf3e2a,Anthem,220 Virginia Ave,Indianapolis,IN,46204,1-800-331-1476,8766.24,3080.00,1399200.00,56,100,0,50,19,204,49,1,2,0.9856424292993061,636
b1c428d6-4f07-31e0-90f0-68ffa6ff8c76,NO_INSURANCE,,,,,,0.00,518144.69,0.00,0,314,0,230,0,399,0,63,1,1.0511248175106094,684
b3221cfc-24fb-339e-823d-bc4136cbc4ed,Dual Eligible,7500 Security Blvd,Baltimore,MD,21244,1-877-267-2323,0.00,0.00,0.00,0,0,0,0,0,0,0,0,0,NaN,0
7caa7254-5050-3b5e-9eae-bd5ea30e809c,Medicare,7500 Security Blvd,Baltimore,MD,21244,1-800-633-4227,0.00,0.00,0.00,0,0,0,0,0,0,0,0,0,NaN,0
7c4411ce-02f1-39b5-b9ec-dfbea9ad3c1a,Medicaid,7500 Security Blvd,Baltimore,MD,21244,1-877-267-2323,9385.32,2108.77,33250.00,47,0,7,0,57,0,42,0,3,0.8905075746315071,144
d47b3510-2895-3b70-9897-342d681c769d,Humana,500 West Main St,Louisville,KY,40018,1-844-330-7799,0.00,0.00,0.00,0,0,0,0,0,0,0,0,0,NaN,0
6e2f1a2d-27bd-3701-8d08-dae202c58632,Blue Cross Blue Shield,Michigan Plaza,Chicago,IL,60007,1-800-262-2583,39052.44,10384.28,646200.00,133,0,35,0,133,0,53,0,2,0.8876261540792499,372
5059a55e-5d6e-34d1-b6cb-d83d16e57bcf,UnitedHealthcare,9800 Healthcare Lane,Minnetonka,MN,55436,1-888-545-5205,321.84,0.00,5700.00,2,0,0,0,1,0,2,0,1,0.0,12
4d71f845-a6a9-3c39-b242-14d25ef86a8d,Aetna,151 Farmington Ave,Hartford,CT,6156,1-800-872-3862,8360.84,4030.00,1214000.00,77,5,0,47,64,0,63,1,2,0.9723600156862892,612
047f6ec3-6215-35eb-9608-f9dda363a44c,Cigna Health,900 Cottage Grove Rd,Bloomfield,CT,6002,1-800-997-1654,10080.96,4080.00,609000.00,88,34,0,26,199,25,58,1,3,0.8317783707305957,300
42c4fca7-f8a9-3cd1-982a-dd9751bf3e2a,Anthem,220 Virginia Ave,Indianapolis,IN,46204,1-800-331-1476,14097.64,4730.00,2580600.00,117,83,0,50,60,78,135,0,4,0.9524398606731527,1188
b1c428d6-4f07-31e0-90f0-68ffa6ff8c76,NO_INSURANCE,,,,,,0.00,87377.02,0.00,0,21,0,1,0,10,0,29,1,1.0,156
b3221cfc-24fb-339e-823d-bc4136cbc4ed,Dual Eligible,7500 Security Blvd,Baltimore,MD,21244,1-877-267-2323,0.00,0.00,0.00,0,0,0,0,0,0,0,0,0,NaN,0
7caa7254-5050-3b5e-9eae-bd5ea30e809c,Medicare,7500 Security Blvd,Baltimore,MD,21244,1-800-633-4227,0.00,0.00,750.00,0,0,0,0,0,0,0,0,1,0.0,12
7c4411ce-02f1-39b5-b9ec-dfbea9ad3c1a,Medicaid,7500 Security Blvd,Baltimore,MD,21244,1-877-267-2323,55187.33,18046.81,88250.00,279,0,35,0,838,0,39,0,8,0.9029116449450595,360
d47b3510-2895-3b70-9897-342d681c769d,Humana,500 West Main St,Louisville,KY,40018,1-844-330-7799,7615.16,3680.00,851700.00,62,2,0,19,28,0,57,0,3,0.8392655798889241,516
6e2f1a2d-27bd-3701-8d08-dae202c58632,Blue Cross Blue Shield,Michigan Plaza,Chicago,IL,60007,1-800-262-2583,14127.69,3574.44,235800.00,35,0,17,0,45,0,12,0,2,0.7693549582709994,132
5059a55e-5d6e-34d1-b6cb-d83d16e57bcf,UnitedHealthcare,9800 Healthcare Lane,Minnetonka,MN,55436,1-888-545-5205,16445.58,7488.31,1573200.00,132,24,0,50,117,10,119,1,6,0.9380971958980984,828
4d71f845-a6a9-3c39-b242-14d25ef86a8d,Aetna,151 Farmington Ave,Hartford,CT,6156,1-800-872-3862,19514.18,7995.00,2110000.00,151,63,0,65,148,36,102,2,4,0.9787961491034399,1056
047f6ec3-6215-35eb-9608-f9dda363a44c,Cigna Health,900 Cottage Grove Rd,Bloomfield,CT,6002,1-800-997-1654,33892.43,15000.00,2908500.00,279,136,0,219,251,37,153,2,5,0.7182581936586016,1392
42c4fca7-f8a9-3cd1-982a-dd9751bf3e2a,Anthem,220 Virginia Ave,Indianapolis,IN,46204,1-800-331-1476,12779.92,4345.00,2323200.00,94,128,0,71,43,164,94,2,5,0.9489601823726463,1068
b1c428d6-4f07-31e0-90f0-68ffa6ff8c76,NO_INSURANCE,,,,,,0.00,225325.51,0.00,0,0,0,0,0,0,0,0,0,NaN,0
b3221cfc-24fb-339e-823d-bc4136cbc4ed,Dual Eligible,7500 Security Blvd,Baltimore,MD,21244,1-877-267-2323,0.00,0.00,0.00,0,0,0,0,0,0,0,0,0,NaN,0
7caa7254-5050-3b5e-9eae-bd5ea30e809c,Medicare,7500 Security Blvd,Baltimore,MD,21244,1-800-633-4227,65639.82,5855.46,157750.00,135,0,57,0,45,0,62,0,4,0.8827867897529988,648
7c4411ce-02f1-39b5-b9ec-dfbea9ad3c1a,Medicaid,7500 Security Blvd,Baltimore,MD,21244,1-877-267-2323,14828.44,8232.87,51000.00,134,0,9,0,324,0,6,0,5,0.9807405813272974,204
d47b3510-2895-3b70-9897-342d681c769d,Humana,500 West Main St,Louisville,KY,40018,1-844-330-7799,11655.92,11040.00,1142400.00,139,14,0,27,272,6,36,3,3,0.9522446055592803,672
6e2f1a2d-27bd-3701-8d08-dae202c58632,Blue Cross Blue Shield,Michigan Plaza,Chicago,IL,60007,1-800-262-2583,56758.35,17301.42,1677600.00,210,0,73,0,226,0,103,0,4,0.9735925670599076,936
5059a55e-5d6e-34d1-b6cb-d83d16e57bcf,UnitedHealthcare,9800 Healthcare Lane,Minnetonka,MN,55436,1-888-545-5205,10960.64,7490.00,1561800.00,113,11,0,36,103,3,62,1,4,0.9455975234835254,828
4d71f845-a6a9-3c39-b242-14d25ef86a8d,Aetna,151 Farmington Ave,Hartford,CT,6156,1-800-872-3862,19784.44,12545.00,3156000.00,198,5,0,29,103,2,92,3,5,0.9704070025452459,1596
047f6ec3-6215-35eb-9608-f9dda363a44c,Cigna Health,900 Cottage Grove Rd,Bloomfield,CT,6002,1-800-997-1654,17518.24,8280.00,2158800.00,158,11,0,22,194,0,96,2,4,0.9861776932709221,1032
42c4fca7-f8a9-3cd1-982a-dd9751bf3e2a,Anthem,220 Virginia Ave,Indianapolis,IN,46204,1-800-331-1476,12141.12,4840.00,3020600.00,104,153,0,48,45,126,94,3,5,0.9810915826807745,1380
b1c428d6-4f07-31e0-90f0-68ffa6ff8c76,NO_INSURANCE,,,,,,0.00,140766.59,0.00,0,8,0,14,0,21,0,3,1,1.0,12
b3221cfc-24fb-339e-823d-bc4136cbc4ed,Dual Eligible,7500 Security Blvd,Baltimore,MD,21244,1-877-267-2323,0.00,0.00,0.00,0,0,0,0,0,0,0,0,0,NaN,0
7caa7254-5050-3b5e-9eae-bd5ea30e809c,Medicare,7500 Security Blvd,Baltimore,MD,21244,1-800-633-4227,31451.10,2660.09,58500.00,54,0,45,0,33,0,23,0,2,0.8751111643601859,252
7c4411ce-02f1-39b5-b9ec-dfbea9ad3c1a,Medicaid,7500 Security Blvd,Baltimore,MD,21244,1-877-267-2323,28589.58,8605.03,57500.00,137,0,25,0,299,0,38,0,5,0.6559388789628063,240
d47b3510-2895-3b70-9897-342d681c769d,Humana,500 West Main St,Louisville,KY,40018,1-844-330-7799,9325.00,9120.00,1429700.00,119,10,0,22,131,4,52,3,2,0.9711371356864523,852
6e2f1a2d-27bd-3701-8d08-dae202c58632,Blue Cross Blue Shield,Michigan Plaza,Chicago,IL,60007,1-800-262-2583,49790.63,11684.90,1276200.00,131,0,68,0,138,0,98,0,6,0.8064377893207566,720
5059a55e-5d6e-34d1-b6cb-d83d16e57bcf,UnitedHealthcare,9800 Healthcare Lane,Minnetonka,MN,55436,1-888-545-5205,5085.00,4060.00,410400.00,59,4,0,12,35,0,22,0,2,0.9278511956873666,216
4d71f845-a6a9-3c39-b242-14d25ef86a8d,Aetna,151 Farmington Ave,Hartford,CT,6156,1-800-872-3862,12180.00,8125.00,1626000.00,131,19,0,52,158,0,69,2,2,0.9206683665975537,816
047f6ec3-6215-35eb-9608-f9dda363a44c,Cigna Health,900 Cottage Grove Rd,Bloomfield,CT,6002,1-800-997-1654,14235.00,7620.00,760200.00,141,30,0,18,135,16,28,1,1,0.6486739392064245,372
42c4fca7-f8a9-3cd1-982a-dd9751bf3e2a,Anthem,220 Virginia Ave,Indianapolis,IN,46204,1-800-331-1476,18755.00,8525.00,4191000.00,176,364,0,540,75,340,153,19,5,0.8628022528193423,1908
b1c428d6-4f07-31e0-90f0-68ffa6ff8c76,NO_INSURANCE,,,,,,0.00,414764.11,0.00,0,180,0,19,0,141,0,77,3,1.0870133664815131,660
b3221cfc-24fb-339e-823d-bc4136cbc4ed,Dual Eligible,7500 Security Blvd,Baltimore,MD,21244,1-877-267-2323,0.00,0.00,0.00,0,0,0,0,0,0,0,0,0,NaN,0
7caa7254-5050-3b5e-9eae-bd5ea30e809c,Medicare,7500 Security Blvd,Baltimore,MD,21244,1-800-633-4227,206779.41,5178.66,83250.00,80,0,81,0,57,0,32,0,3,0.7347577641151142,360
7c4411ce-02f1-39b5-b9ec-dfbea9ad3c1a,Medicaid,7500 Security Blvd,Baltimore,MD,21244,1-877-267-2323,43802.82,15229.22,141500.00,227,0,37,0,582,0,37,0,5,0.19064213987980305,936
d47b3510-2895-3b70-9897-342d681c769d,Humana,500 West Main St,Louisville,KY,40018,1-844-330-7799,9344.00,6960.00,1043800.00,100,25,0,14,112,17,63,2,4,0.9145454508020534,624
6e2f1a2d-27bd-3701-8d08-dae202c58632,Blue Cross Blue Shield,Michigan Plaza,Chicago,IL,60007,1-800-262-2583,5418.94,2436.34,428400.00,45,0,12,0,47,0,48,0,2,0.8385178050345038,240
5059a55e-5d6e-34d1-b6cb-d83d16e57bcf,UnitedHealthcare,9800 Healthcare Lane,Minnetonka,MN,55436,1-888-545-5205,4397.68,2450.00,467400.00,42,7,0,5,104,3,12,0,2,0.7740191351871679,252
4d71f845-a6a9-3c39-b242-14d25ef86a8d,Aetna,151 Farmington Ave,Hartford,CT,6156,1-800-872-3862,21857.52,12870.00,1328000.00,213,6,0,26,238,0,70,1,3,0.9235720919798812,672
047f6ec3-6215-35eb-9608-f9dda363a44c,Cigna Health,900 Cottage Grove Rd,Bloomfield,CT,6002,1-800-997-1654,19404.16,9780.00,2937900.00,179,24,0,134,104,0,107,7,4,0.9419305132540392,1404
42c4fca7-f8a9-3cd1-982a-dd9751bf3e2a,Anthem,220 Virginia Ave,Indianapolis,IN,46204,1-800-331-1476,6280.04,2035.00,1452000.00,51,68,0,22,26,149,71,0,3,0.7830681009713644,660
b1c428d6-4f07-31e0-90f0-68ffa6ff8c76,NO_INSURANCE,,,,,,0.00,205242.48,0.00,0,273,0,149,0,237,0,148,2,1.5429854605245086,1188
b3221cfc-24fb-339e-823d-bc4136cbc4ed,Dual Eligible,7500 Security Blvd,Baltimore,MD,21244,1-877-267-2323,2953.50,700.00,11500.00,7,0,3,0,1,0,5,0,1,0.0,48
7caa7254-5050-3b5e-9eae-bd5ea30e809c,Medicare,7500 Security Blvd,Baltimore,MD,21244,1-800-633-4227,36662.80,4065.18,101750.00,66,0,66,0,30,0,37,0,2,0.8740932414147604,420
7c4411ce-02f1-39b5-b9ec-dfbea9ad3c1a,Medicaid,7500 Security Blvd,Baltimore,MD,21244,1-877-267-2323,48503.18,15597.79,251000.00,251,0,48,0,422,0,95,0,5,0.9600250363341578,1008
d47b3510-2895-3b70-9897-342d681c769d,Humana,500 West Main St,Louisville,KY,40018,1-844-330-7799,6614.00,8000.00,1060800.00,100,8,0,13,120,2,31,3,2,0.9554880811998008,624
6e2f1a2d-27bd-3701-8d08-dae202c58632,Blue Cross Blue Shield,Michigan Plaza,Chicago,IL,60007,1-800-262-2583,17191.60,10724.03,1222200.00,142,0,21,0,255,0,75,0,4,0.9805842742466058,684
5059a55e-5d6e-34d1-b6cb-d83d16e57bcf,UnitedHealthcare,9800 Healthcare Lane,Minnetonka,MN,55436,1-888-545-5205,5886.12,2590.00,418000.00,58,2,0,16,124,0,45,0,4,0.9233667268138951,228
4d71f845-a6a9-3c39-b242-14d25ef86a8d,Aetna,151 Farmington Ave,Hartford,CT,6156,1-800-872-3862,8018.48,3965.00,1240000.00,82,11,0,23,71,3,80,0,3,0.9621895095787566,636
047f6ec3-6215-35eb-9608-f9dda363a44c,Cigna Health,900 Cottage Grove Rd,Bloomfield,CT,6002,1-800-997-1654,5408.40,3360.00,1005900.00,60,3,0,11,27,0,41,0,1,0.9726636386717533,480
42c4fca7-f8a9-3cd1-982a-dd9751bf3e2a,Anthem,220 Virginia Ave,Indianapolis,IN,46204,1-800-331-1476,4926.30,1650.00,1012000.00,45,40,0,53,21,52,59,0,4,0.9121791936125019,468
b1c428d6-4f07-31e0-90f0-68ffa6ff8c76,NO_INSURANCE,,,,,,0.00,55030.42,0.00,0,2,0,0,0,2,0,0,0,Infinity,0
b3221cfc-24fb-339e-823d-bc4136cbc4ed,Dual Eligible,7500 Security Blvd,Baltimore,MD,21244,1-877-267-2323,0.00,0.00,0.00,0,0,0,0,0,0,0,0,0,NaN,0
7caa7254-5050-3b5e-9eae-bd5ea30e809c,Medicare,7500 Security Blvd,Baltimore,MD,21244,1-800-633-4227,0.00,0.00,0.00,0,0,0,0,0,0,0,0,0,NaN,0
7c4411ce-02f1-39b5-b9ec-dfbea9ad3c1a,Medicaid,7500 Security Blvd,Baltimore,MD,21244,1-877-267-2323,104646.96,28381.61,440250.00,435,0,107,0,777,0,181,0,4,0.5129076148935617,2052
d47b3510-2895-3b70-9897-342d681c769d,Humana,500 West Main St,Louisville,KY,40018,1-844-330-7799,0.00,0.00,0.00,0,0,0,0,0,0,0,0,0,NaN,0
6e2f1a2d-27bd-3701-8d08-dae202c58632,Blue Cross Blue Shield,Michigan Plaza,Chicago,IL,60007,1-800-262-2583,10597.50,8990.23,664200.00,125,0,6,0,95,0,30,0,1,0.9351086723958618,372
5059a55e-5d6e-34d1-b6cb-d83d16e57bcf,UnitedHealthcare,9800 Healthcare Lane,Minnetonka,MN,55436,1-888-545-5205,8633.84,5110.00,1204600.00,88,2,0,42,41,0,63,3,1,0.9804558681816392,636
4d71f845-a6a9-3c39-b242-14d25ef86a8d,Aetna,151 Farmington Ave,Hartford,CT,6156,1-800-872-3862,4505.74,2210.00,686000.00,43,1,0,7,21,0,46,0,1,0.9649114468013632,348
047f6ec3-6215-35eb-9608-f9dda363a44c,Cigna Health,900 Cottage Grove Rd,Bloomfield,CT,6002,1-800-997-1654,6189.00,1620.00,728700.00,50,17,0,8,102,8,46,0,2,0.8602061666471896,360
42c4fca7-f8a9-3cd1-982a-dd9751bf3e2a,Anthem,220 Virginia Ave,Indianapolis,IN,46204,1-800-331-1476,6649.34,3190.00,1540000.00,63,120,0,60,34,146,68,1,2,0.9625124687945172,708
b1c428d6-4f07-31e0-90f0-68ffa6ff8c76,NO_INSURANCE,,,,,,0.00,81963.42,0.00,0,96,0,11,0,57,0,56,1,4.230938374423559,276
b3221cfc-24fb-339e-823d-bc4136cbc4ed,Dual Eligible,7500 Security Blvd,Baltimore,MD,21244,1-877-267-2323,0.00,0.00,0.00,0,0,0,0,0,0,0,0,0,NaN,0
7caa7254-5050-3b5e-9eae-bd5ea30e809c,Medicare,7500 Security Blvd,Baltimore,MD,21244,1-800-633-4227,104117.83,13747.17,275750.00,221,0,163,0,94,0,93,0,3,0.921586912156814,1128
7c4411ce-02f1-39b5-b9ec-dfbea9ad3c1a,Medicaid,7500 Security Blvd,Baltimore,MD,21244,1-877-267-2323,95032.47,37718.18,272000.00,563,0,114,0,1064,0,90,0,8,0.6845387160270293,1104
d47b3510-2895-3b70-9897-342d681c769d,Humana,500 West Main St,Louisville,KY,40018,1-844-330-7799,4564.50,6800.00,734400.00,85,6,0,15,186,0,32,0,5,0.9584795754635675,432
6e2f1a2d-27bd-3701-8d08-dae202c58632,Blue Cross Blue Shield,Michigan Plaza,Chicago,IL,60007,1-800-262-2583,10069.49,7716.15,801000.00,113,0,13,0,227,0,36,0,6,0.9441102557514278,456
5059a55e-5d6e-34d1-b6cb-d83d16e57bcf,UnitedHealthcare,9800 Healthcare Lane,Minnetonka,MN,55436,1-888-545-5205,21611.80,20370.00,3250900.00,314,61,0,174,345,37,129,3,5,0.952477067016185,1716
4d71f845-a6a9-3c39-b242-14d25ef86a8d,Aetna,151 Farmington Ave,Hartford,CT,6156,1-800-872-3862,10856.70,7995.00,1194000.00,141,11,0,23,315,4,70,1,6,0.9322856911756915,612
047f6ec3-6215-35eb-9608-f9dda363a44c,Cigna Health,900 Cottage Grove Rd,Bloomfield,CT,6002,1-800-997-1654,1842.50,1500.00,98700.00,25,11,0,5,95,9,2,1,2,1.0,48
42c4fca7-f8a9-3cd1-982a-dd9751bf3e2a,Anthem,220 Virginia Ave,Indianapolis,IN,46204,1-800-331-1476,12179.70,5335.00,3060200.00,131,193,0,159,47,247,124,2,4,0.9553771362427677,1404
b1c428d6-4f07-31e0-90f0-68ffa6ff8c76,NO_INSURANCE,,,,,,0.00,173237.85,0.00,0,47,0,3,0,18,0,43,1,0.9755359530659194,492
b3221cfc-24fb-339e-823d-bc4136cbc4ed,Dual Eligible,7500 Security Blvd,Baltimore,MD,21244,1-877-267-2323,0.00,0.00,0.00,0,0,0,0,0,0,0,0,0,NaN,0
7caa7254-5050-3b5e-9eae-bd5ea30e809c,Medicare,7500 Security Blvd,Baltimore,MD,21244,1-800-633-4227,237335.88,33496.54,76500.00,155,0,819,0,43,0,20,0,2,0.49381431671184706,312
7c4411ce-02f1-39b5-b9ec-dfbea9ad3c1a,Medicaid,7500 Security Blvd,Baltimore,MD,21244,1-877-267-2323,35621.11,8942.44,101250.00,145,0,29,0,366,0,53,0,6,0.17546299816637542,840
d47b3510-2895-3b70-9897-342d681c769d,Humana,500 West Main St,Louisville,KY,40018,1-844-330-7799,5907.10,2480.00,426700.00,45,51,0,42,95,44,26,0,3,0.8121239187375285,252
6e2f1a2d-27bd-3701-8d08-dae202c58632,Blue Cross Blue Shield,Michigan Plaza,Chicago,IL,60007,1-800-262-2583,337934.42,80667.30,3304800.00,475,0,824,0,295,0,201,0,6,0.7586752667420087,1836
5059a55e-5d6e-34d1-b6cb-d83d16e57bcf,UnitedHealthcare,9800 Healthcare Lane,Minnetonka,MN,55436,1-888-545-5205,22443.74,9869.89,1996900.00,174,15,0,81,132,3,123,3,4,0.9069163678737868,1056
4d71f845-a6a9-3c39-b242-14d25ef86a8d,Aetna,151 Farmington Ave,Hartford,CT,6156,1-800-872-3862,606.90,325.00,72000.00,5,1,0,7,11,0,3,0,1,0.5136249645595302,36
047f6ec3-6215-35eb-9608-f9dda363a44c,Cigna Health,900 Cottage Grove Rd,Bloomfield,CT,6002,1-800-997-1654,7390.04,3420.00,554400.00,58,6,0,12,106,2,33,1,2,0.9966582752318882,264
42c4fca7-f8a9-3cd1-982a-dd9751bf3e2a,Anthem,220 Virginia Ave,Indianapolis,IN,46204,1-800-331-1476,788.28,330.00,158400.00,6,11,0,16,13,10,6,0,1,0.516076113833809,72
b1c428d6-4f07-31e0-90f0-68ffa6ff8c76,NO_INSURANCE,,,,,,0.00,124744.02,0.00,0,57,0,14,0,17,0,64,0,Infinity,0
b3221cfc-24fb-339e-823d-bc4136cbc4ed,Dual Eligible,7500 Security Blvd,Baltimore,MD,21244,1-877-267-2323,0.00,0.00,0.00,0,0,0,0,0,0,0,0,0,NaN,0
7caa7254-5050-3b5e-9eae-bd5ea30e809c,Medicare,7500 Security Blvd,Baltimore,MD,21244,1-800-633-4227,897964.15,94757.93,1034250.00,1140,0,1407,0,477,0,330,0,20,0.7798921336120905,4272
7c4411ce-02f1-39b5-b9ec-dfbea9ad3c1a,Medicaid,7500 Security Blvd,Baltimore,MD,21244,1-877-267-2323,50339.76,17136.66,111250.00,281,0,25,0,484,0,58,0,4,0.9257805283497053,456
d47b3510-2895-3b70-9897-342d681c769d,Humana,500 West Main St,Louisville,KY,40018,1-844-330-7799,105687.80,65917.49,9559100.00,831,183,0,534,636,22,220,14,10,0.8834964413943087,5616
6e2f1a2d-27bd-3701-8d08-dae202c58632,Blue Cross Blue Shield,Michigan Plaza,Chicago,IL,60007,1-800-262-2583,214230.55,35352.70,4078800.00,336,0,178,0,155,0,132,0,3,0.9268185692868494,2280
5059a55e-5d6e-34d1-b6cb-d83d16e57bcf,UnitedHealthcare,9800 Healthcare Lane,Minnetonka,MN,55436,1-888-545-5205,43457.88,22260.00,5371300.00,318,63,0,106,203,7,63,18,5,0.9000234963018255,2832
4d71f845-a6a9-3c39-b242-14d25ef86a8d,Aetna,151 Farmington Ave,Hartford,CT,6156,1-800-872-3862,111683.16,48685.00,9678000.00,776,34,0,292,430,9,202,8,9,0.9147724787166222,4860
047f6ec3-6215-35eb-9608-f9dda363a44c,Cigna Health,900 Cottage Grove Rd,Bloomfield,CT,6002,1-800-997-1654,125834.34,49620.00,12600000.00,849,38,0,284,613,3,265,5,10,0.9659549208316331,6012
42c4fca7-f8a9-3cd1-982a-dd9751bf3e2a,Anthem,220 Virginia Ave,Indianapolis,IN,46204,1-800-331-1476,14212.74,4180.00,2127400.00,89,84,0,102,42,69,51,2,3,0.8291270653137187,972
b1c428d6-4f07-31e0-90f0-68ffa6ff8c76,NO_INSURANCE,,,,,,0.00,1167545.55,0.00,0,181,0,29,0,91,0,66,3,0.9497562619962253,1236
b3221cfc-24fb-339e-823d-bc4136cbc4ed,Dual Eligible,7500 Security Blvd,Baltimore,MD,21244,1-877-267-2323,0.00,0.00,0.00,0,0,0,0,0,0,0,0,0,NaN,0
7caa7254-5050-3b5e-9eae-bd5ea30e809c,Medicare,7500 Security Blvd,Baltimore,MD,21244,1-800-633-4227,0.00,0.00,0.00,0,0,0,0,0,0,0,0,0,NaN,0
7c4411ce-02f1-39b5-b9ec-dfbea9ad3c1a,Medicaid,7500 Security Blvd,Baltimore,MD,21244,1-877-267-2323,15508.66,5951.36,64250.00,120,0,8,0,277,0,44,0,4,0.8701481134428036,276
d47b3510-2895-3b70-9897-342d681c769d,Humana,500 West Main St,Louisville,KY,40018,1-844-330-7799,3598.58,3040.00,460700.00,39,6,0,10,61,1,26,0,3,0.9469900015479942,276
6e2f1a2d-27bd-3701-8d08-dae202c58632,Blue Cross Blue Shield,Michigan Plaza,Chicago,IL,60007,1-800-262-2583,7838.59,4024.15,671400.00,68,0,10,0,57,0,69,0,2,0.9642196269962172,372
5059a55e-5d6e-34d1-b6cb-d83d16e57bcf,UnitedHealthcare,9800 Healthcare Lane,Minnetonka,MN,55436,1-888-545-5205,20791.80,11550.00,2319900.00,190,26,0,31,275,7,107,3,5,0.9656047617968447,1224
4d71f845-a6a9-3c39-b242-14d25ef86a8d,Aetna,151 Farmington Ave,Hartford,CT,6156,1-800-872-3862,0.00,0.00,0.00,0,0,0,0,0,0,0,0,0,NaN,0
047f6ec3-6215-35eb-9608-f9dda363a44c,Cigna Health,900 Cottage Grove Rd,Bloomfield,CT,6002,1-800-997-1654,10670.46,5160.00,1440600.00,93,22,0,24,170,14,48,0,3,0.9429482783823574,696
42c4fca7-f8a9-3cd1-982a-dd9751bf3e2a,Anthem,220 Virginia Ave,Indianapolis,IN,46204,1-800-331-1476,4176.82,1100.00,721600.00,31,22,0,6,13,50,51,2,3,0.923463775095614,348
b1c428d6-4f07-31e0-90f0-68ffa6ff8c76,NO_INSURANCE,,,,,,0.00,60677.89,0.00,0,215,0,34,0,110,0,57,2,0.7459874616063547,492
b3221cfc-24fb-339e-823d-bc4136cbc4ed,Dual Eligible,7500 Security Blvd,Baltimore,MD,21244,1-877-267-2323,26773.28,8077.85,233500.00,73,0,28,0,32,0,45,0,2,0.8809602345763576,480
7caa7254-5050-3b5e-9eae-bd5ea30e809c,Medicare,7500 Security Blvd,Baltimore,MD,21244,1-800-633-4227,0.00,0.00,0.00,0,0,0,0,0,0,0,0,0,NaN,0
7c4411ce-02f1-39b5-b9ec-dfbea9ad3c1a,Medicaid,7500 Security Blvd,Baltimore,MD,21244,1-877-267-2323,123043.24,30399.18,399500.00,421,0,110,0,855,0,77,0,4,0.8995190248620205,1596
d47b3510-2895-3b70-9897-342d681c769d,Humana,500 West Main St,Louisville,KY,40018,1-844-330-7799,17008.92,10960.00,2201500.00,161,20,0,18,113,2,132,10,3,0.8815645484743921,1308
6e2f1a2d-27bd-3701-8d08-dae202c58632,Blue Cross Blue Shield,Michigan Plaza,Chicago,IL,60007,1-800-262-2583,8631.56,4088.41,333000.00,73,0,4,0,59,0,44,0,1,0.937366078896048,192
5059a55e-5d6e-34d1-b6cb-d83d16e57bcf,UnitedHealthcare,9800 Healthcare Lane,Minnetonka,MN,55436,1-888-545-5205,30736.96,16471.40,3541600.00,278,59,0,99,201,1,194,2,5,0.7657555983674127,1884
4d71f845-a6a9-3c39-b242-14d25ef86a8d,Aetna,151 Farmington Ave,Hartford,CT,6156,1-800-872-3862,0.00,0.00,0.00,0,0,0,0,0,0,0,0,0,NaN,0
047f6ec3-6215-35eb-9608-f9dda363a44c,Cigna Health,900 Cottage Grove Rd,Bloomfield,CT,6002,1-800-997-1654,12126.88,5940.00,1656900.00,104,7,0,19,127,1,69,1,2,0.9625195037779857,792
42c4fca7-f8a9-3cd1-982a-dd9751bf3e2a,Anthem,220 Virginia Ave,Indianapolis,IN,46204,1-800-331-1476,987.32,55.00,429000.00,6,39,0,9,1,68,10,1,1,0.9323081683395421,204
b1c428d6-4f07-31e0-90f0-68ffa6ff8c76,NO_INSURANCE,,,,,,0.00,107917.83,0.00,0,0,0,0,0,0,0,0,0,NaN,0
b3221cfc-24fb-339e-823d-bc4136cbc4ed,Dual Eligible,7500 Security Blvd,Baltimore,MD,21244,1-877-267-2323,5278.21,1604.92,25500.00,11,0,11,0,1,0,5,0,1,0.6574417023431135,60
7caa7254-5050-3b5e-9eae-bd5ea30e809c,Medicare,7500 Security Blvd,Baltimore,MD,21244,1-800-633-4227,0.00,0.00,0.00,0,0,0,0,0,0,0,0,0,NaN,0
7c4411ce-02f1-39b5-b9ec-dfbea9ad3c1a,Medicaid,7500 Security Blvd,Baltimore,MD,21244,1-877-267-2323,79575.69,20342.78,228000.00,219,0,169,0,244,0,71,0,4,0.9143441801323683,912
d47b3510-2895-3b70-9897-342d681c769d,Humana,500 West Main St,Louisville,KY,40018,1-844-330-7799,6968.34,7120.00,1312400.00,103,5,0,56,93,0,68,2,2,0.9705748518847725,780
6e2f1a2d-27bd-3701-8d08-dae202c58632,Blue Cross Blue Shield,Michigan Plaza,Chicago,IL,60007,1-800-262-2583,2692.13,3126.08,172800.00,40,0,3,0,141,0,4,0,1,1.0,96
5059a55e-5d6e-34d1-b6cb-d83d16e57bcf,UnitedHealthcare,9800 Healthcare Lane,Minnetonka,MN,55436,1-888-545-5205,22188.74,16520.00,1248300.00,283,18,0,68,265,7,106,2,4,0.8668100216287061,672
4d71f845-a6a9-3c39-b242-14d25ef86a8d,Aetna,151 Farmington Ave,Hartford,CT,6156,1-800-872-3862,1904.16,1105.00,164000.00,22,5,0,7,48,2,22,1,3,0.8571428571428571,84
047f6ec3-6215-35eb-9608-f9dda363a44c,Cigna Health,900 Cottage Grove Rd,Bloomfield,CT,6002,1-800-997-1654,15610.74,9420.00,1432200.00,183,10,0,20,200,2,110,0,3,0.9800610699045571,684
42c4fca7-f8a9-3cd1-982a-dd9751bf3e2a,Anthem,220 Virginia Ave,Indianapolis,IN,46204,1-800-331-1476,3192.30,1595.00,950400.00,35,75,0,23,13,69,37,0,1,0.9719397598880887,432
b1c428d6-4f07-31e0-90f0-68ffa6ff8c76,NO_INSURANCE,,,,,,0.00,163487.80,0.00,0,154,0,79,0,89,0,112,2,0.9588238349573709,1164
b3221cfc-24fb-339e-823d-bc4136cbc4ed,Dual Eligible,7500 Security Blvd,Baltimore,MD,21244,1-877-267-2323,0.00,0.00,0.00,0,0,0,0,0,0,0,0,0,NaN,0
7caa7254-5050-3b5e-9eae-bd5ea30e809c,Medicare,7500 Security Blvd,Baltimore,MD,21244,1-800-633-4227,21639.39,1828.91,55000.00,33,0,35,0,26,0,19,0,2,0.8659912014457138,228
7c4411ce-02f1-39b5-b9ec-dfbea9ad3c1a,Medicaid,7500 Security Blvd,Baltimore,MD,21244,1-877-267-2323,205177.69,54725.55,515500.00,757,0,226,0,1234,0,181,0,9,0.27498719565954016,2808
d47b3510-2895-3b70-9897-342d681c769d,Humana,500 West Main St,Louisville,KY,40018,1-844-330-7799,15518.19,12800.00,2114800.00,167,68,0,91,139,53,99,2,4,0.9557316513636818,1248
6e2f1a2d-27bd-3701-8d08-dae202c58632,Blue Cross Blue Shield,Michigan Plaza,Chicago,IL,60007,1-800-262-2583,25700.15,13256.60,1528200.00,170,0,35,0,237,0,68,0,5,0.927388194846979,864
5059a55e-5d6e-34d1-b6cb-d83d16e57bcf,UnitedHealthcare,9800 Healthcare Lane,Minnetonka,MN,55436,1-888-545-5205,12715.39,8820.00,1508600.00,127,31,0,321,146,2,53,4,4,0.8485876586318343,804
4d71f845-a6a9-3c39-b242-14d25ef86a8d,Aetna,151 Farmington Ave,Hartford,CT,6156,1-800-872-3862,8662.32,4225.00,1088000.00,76,36,0,19,68,28,75,2,2,0.9782608695652174,552
047f6ec3-6215-35eb-9608-f9dda363a44c,Cigna Health,900 Cottage Grove Rd,Bloomfield,CT,6002,1-800-997-1654,11468.29,4980.00,1018500.00,97,10,0,60,245,7,41,0,3,0.8682265105875894,492
42c4fca7-f8a9-3cd1-982a-dd9751bf3e2a,Anthem,220 Virginia Ave,Indianapolis,IN,46204,1-800-331-1476,15769.69,4070.00,2490400.00,117,98,0,91,56,106,146,2,5,0.9303882779077708,1140
b1c428d6-4f07-31e0-90f0-68ffa6ff8c76,NO_INSURANCE,,,,,,0.00,433455.57,0.00,0,223,0,117,0,59,0,73,0,Infinity,0
b3221cfc-24fb-339e-823d-bc4136cbc4ed,Dual Eligible,7500 Security Blvd,Baltimore,MD,21244,1-877-267-2323,0.00,0.00,0.00,0,0,0,0,0,0,0,0,0,NaN,0
7caa7254-5050-3b5e-9eae-bd5ea30e809c,Medicare,7500 Security Blvd,Baltimore,MD,21244,1-800-633-4227,0.00,0.00,0.00,0,0,0,0,0,0,0,0,0,NaN,0
7c4411ce-02f1-39b5-b9ec-dfbea9ad3c1a,Medicaid,7500 Security Blvd,Baltimore,MD,21244,1-877-267-2323,6700.00,999.79,45750.00,38,0,7,0,32,0,36,0,2,0.9372895525509325,192
d47b3510-2895-3b70-9897-342d681c769d,Humana,500 West Main St,Louisville,KY,40018,1-844-330-7799,13320.00,8080.00,632400.00,107,2,0,10,82,0,42,0,1,0.967741935483871,372
6e2f1a2d-27bd-3701-8d08-dae202c58632,Blue Cross Blue Shield,Michigan Plaza,Chicago,IL,60007,1-800-262-2583,10617.88,3851.35,462600.00,46,0,9,0,14,0,27,0,1,0.9545454545454546,264
5059a55e-5d6e-34d1-b6cb-d83d16e57bcf,UnitedHealthcare,9800 Healthcare Lane,Minnetonka,MN,55436,1-888-545-5205,20940.00,8260.00,1630200.00,146,7,0,85,54,1,101,1,3,0.9533883381369613,876
4d71f845-a6a9-3c39-b242-14d25ef86a8d,Aetna,151 Farmington Ave,Hartford,CT,6156,1-800-872-3862,0.00,0.00,0.00,0,0,0,0,0,0,0,0,0,NaN,0
047f6ec3-6215-35eb-9608-f9dda363a44c,Cigna Health,900 Cottage Grove Rd,Bloomfield,CT,6002,1-800-997-1654,14000.00,4800.00,1205400.00,94,6,0,16,74,0,85,0,3,0.9583149519072824,576
42c4fca7-f8a9-3cd1-982a-dd9751bf3e2a,Anthem,220 Virginia Ave,Indianapolis,IN,46204,1-800-331-1476,17980.00,4620.00,2675200.00,113,324,0,189,41,72,102,24,3,0.7864436873564505,1224
b1c428d6-4f07-31e0-90f0-68ffa6ff8c76,NO_INSURANCE,,,,,,0.00,309073.24,0.00,0,0,0,0,0,0,0,0,0,NaN,0
b3221cfc-24fb-339e-823d-bc4136cbc4ed,Dual Eligible,7500 Security Blvd,Baltimore,MD,21244,1-877-267-2323,0.00,0.00,0.00,0,0,0,0,0,0,0,0,0,NaN,0
7caa7254-5050-3b5e-9eae-bd5ea30e809c,Medicare,7500 Security Blvd,Baltimore,MD,21244,1-800-633-4227,27153.52,1640.00,40250.00,30,0,24,0,6,0,16,0,1,0.7788885097536445,168
7c4411ce-02f1-39b5-b9ec-dfbea9ad3c1a,Medicaid,7500 Security Blvd,Baltimore,MD,21244,1-877-267-2323,73035.84,24819.97,350250.00,400,0,79,0,735,0,160,0,7,0.8497802410269581,1416
d47b3510-2895-3b70-9897-342d681c769d,Humana,500 West Main St,Louisville,KY,40018,1-844-330-7799,3055.36,2240.00,306000.00,32,13,0,24,118,2,8,1,2,0.8274417900106271,180
6e2f1a2d-27bd-3701-8d08-dae202c58632,Blue Cross Blue Shield,Michigan Plaza,Chicago,IL,60007,1-800-262-2583,33597.48,12341.38,1231200.00,138,0,44,0,175,0,62,0,2,0.9877209718414158,684
5059a55e-5d6e-34d1-b6cb-d83d16e57bcf,UnitedHealthcare,9800 Healthcare Lane,Minnetonka,MN,55436,1-888-545-5205,2985.08,490.00,448400.00,21,19,0,34,9,9,22,1,1,0.938165889858406,240
4d71f845-a6a9-3c39-b242-14d25ef86a8d,Aetna,151 Farmington Ave,Hartford,CT,6156,1-800-872-3862,9746.56,6305.00,776000.00,97,25,0,52,142,12,32,0,3,0.5871584468286475,396
047f6ec3-6215-35eb-9608-f9dda363a44c,Cigna Health,900 Cottage Grove Rd,Bloomfield,CT,6002,1-800-997-1654,8912.64,2340.00,949200.00,68,2,0,10,40,0,92,0,3,0.9473684210526315,456
42c4fca7-f8a9-3cd1-982a-dd9751bf3e2a,Anthem,220 Virginia Ave,Indianapolis,IN,46204,1-800-331-1476,6514.00,1760.00,1020800.00,50,64,0,23,22,146,66,1,3,0.7774663390546789,480
b1c428d6-4f07-31e0-90f0-68ffa6ff8c76,NO_INSURANCE,,,,,,0.00,1123293.02,0.00,0,981,0,929,0,867,0,30,2,0.703219519657843,408
b3221cfc-24fb-339e-823d-bc4136cbc4ed,Dual Eligible,7500 Security Blvd,Baltimore,MD,21244,1-877-267-2323,0.00,0.00,0.00,0,0,0,0,0,0,0,0,0,NaN,0
7caa7254-5050-3b5e-9eae-bd5ea30e809c,Medicare,7500 Security Blvd,Baltimore,MD,21244,1-800-633-4227,7552.49,1677.11,10750.00,20,0,31,0,9,0,6,0,2,0.4898434496964715,60
7c4411ce-02f1-39b5-b9ec-dfbea9ad3c1a,Medicaid,7500 Security Blvd,Baltimore,MD,21244,1-877-267-2323,29956.58,10395.22,62750.00,177,0,17,0,419,0,38,0,5,0.9437950520419928,252
d47b3510-2895-3b70-9897-342d681c769d,Humana,500 West Main St,Louisville,KY,40018,1-844-330-7799,18190.74,9760.00,824500.00,137,15,0,15,296,2,59,4,3,0.9746937648893937,492
6e2f1a2d-27bd-3701-8d08-dae202c58632,Blue Cross Blue Shield,Michigan Plaza,Chicago,IL,60007,1-800-262-2583,903.14,525.00,21600.00,7,0,0,0,36,0,0,0,1,1.0,12
5059a55e-5d6e-34d1-b6cb-d83d16e57bcf,UnitedHealthcare,9800 Healthcare Lane,Minnetonka,MN,55436,1-888-545-5205,14039.74,3710.00,1077300.00,87,95,0,290,100,7,63,10,5,0.7921415101037486,576
4d71f845-a6a9-3c39-b242-14d25ef86a8d,Aetna,151 Farmington Ave,Hartford,CT,6156,1-800-872-3862,14960.04,5850.00,858000.00,102,23,0,19,190,13,49,0,4,0.9068358286356278,432
047f6ec3-6215-35eb-9608-f9dda363a44c,Cigna Health,900 Cottage Grove Rd,Bloomfield,CT,6002,1-800-997-1654,17606.32,6060.00,1944600.00,116,15,0,27,51,0,88,0,2,0.9637469473195246,924
42c4fca7-f8a9-3cd1-982a-dd9751bf3e2a,Anthem,220 Virginia Ave,Indianapolis,IN,46204,1-800-331-1476,5123.54,385.00,704000.00,27,87,0,9,15,137,51,1,3,0.9609990769121295,324
b1c428d6-4f07-31e0-90f0-68ffa6ff8c76,NO_INSURANCE,,,,,,0.00,133740.70,0.00,0,67,0,24,0,25,0,59,2,0.9772151054305626,564
b3221cfc-24fb-339e-823d-bc4136cbc4ed,Dual Eligible,7500 Security Blvd,Baltimore,MD,21244,1-877-267-2323,0.00,0.00,0.00,0,0,0,0,0,0,0,0,0,NaN,0
7caa7254-5050-3b5e-9eae-bd5ea30e809c,Medicare,7500 Security Blvd,Baltimore,MD,21244,1-800-633-4227,593.84,80.00,4750.00,4,0,0,0,1,0,4,0,1,0.41115045488183777,24
7c4411ce-02f1-39b5-b9ec-dfbea9ad3c1a,Medicaid,7500 Security Blvd,Baltimore,MD,21244,1-877-267-2323,14252.12,6361.79,39000.00,104,0,5,0,263,0,11,0,4,0.9997661980751891,156
d47b3510-2895-3b70-9897-342d681c769d,Humana,500 West Main St,Louisville,KY,40018,1-844-330-7799,10172.16,6000.00,921400.00,96,8,0,19,125,0,96,0,3,0.9777777777777777,540
6e2f1a2d-27bd-3701-8d08-dae202c58632,Blue Cross Blue Shield,Michigan Plaza,Chicago,IL,60007,1-800-262-2583,54529.84,13091.30,1911600.00,187,0,95,0,135,0,172,0,6,0.9184994621531924,1092
5059a55e-5d6e-34d1-b6cb-d83d16e57bcf,UnitedHealthcare,9800 Healthcare Lane,Minnetonka,MN,55436,1-888-545-5205,6662.22,3003.17,775200.00,58,3,0,7,73,0,29,0,2,0.9592823068212688,408
4d71f845-a6a9-3c39-b242-14d25ef86a8d,Aetna,151 Farmington Ave,Hartford,CT,6156,1-800-872-3862,17085.52,10205.00,1462000.00,162,7,0,25,165,0,70,0,3,0.982304236857644,732
047f6ec3-6215-35eb-9608-f9dda363a44c,Cigna Health,900 Cottage Grove Rd,Bloomfield,CT,6002,1-800-997-1654,5838.40,900.00,590100.00,40,10,0,12,62,5,43,0,3,0.9166666666666666,288
42c4fca7-f8a9-3cd1-982a-dd9751bf3e2a,Anthem,220 Virginia Ave,Indianapolis,IN,46204,1-800-331-1476,4180.72,1210.00,635800.00,32,19,0,14,11,34,45,0,2,0.9982156673408386,288
b1c428d6-4f07-31e0-90f0-68ffa6ff8c76,NO_INSURANCE,,,,,,0.00,22957.06,0.00,0,0,0,0,0,0,0,0,0,NaN,0
b3221cfc-24fb-339e-823d-bc4136cbc4ed,Dual Eligible,7500 Security Blvd,Baltimore,MD,21244,1-877-267-2323,0.00,0.00,0.00,0,0,0,0,0,0,0,0,0,NaN,0
7caa7254-5050-3b5e-9eae-bd5ea30e809c,Medicare,7500 Security Blvd,Baltimore,MD,21244,1-800-633-4227,24128.81,1894.61,19500.00,38,0,16,0,17,0,10,0,2,0.6600395909822644,84
7c4411ce-02f1-39b5-b9ec-dfbea9ad3c1a,Medicaid,7500 Security Blvd,Baltimore,MD,21244,1-877-267-2323,23748.96,7129.54,45000.00,114,0,12,0,322,0,11,0,4,0.9423592831933979,180
d47b3510-2895-3b70-9897-342d681c769d,Humana,500 West Main St,Louisville,KY,40018,1-844-330-7799,40872.24,20000.00,2737000.00,286,48,0,116,271,32,181,4,5,0.969744110655123,1620
6e2f1a2d-27bd-3701-8d08-dae202c58632,Blue Cross Blue Shield,Michigan Plaza,Chicago,IL,60007,1-800-262-2583,41071.28,12352.01,878400.00,151,0,49,0,156,0,52,0,2,0.9272304668433867,492
5059a55e-5d6e-34d1-b6cb-d83d16e57bcf,UnitedHealthcare,9800 Healthcare Lane,Minnetonka,MN,55436,1-888-545-5205,8774.72,3570.00,1225500.00,58,9,0,17,26,0,42,5,2,0.9510593911851059,648
4d71f845-a6a9-3c39-b242-14d25ef86a8d,Aetna,151 Farmington Ave,Hartford,CT,6156,1-800-872-3862,30028.12,11050.00,2970000.00,193,30,0,33,163,13,116,4,4,0.9507519603730679,1488
047f6ec3-6215-35eb-9608-f9dda363a44c,Cigna Health,900 Cottage Grove Rd,Bloomfield,CT,6002,1-800-997-1654,21411.73,8040.00,1961400.00,139,19,0,45,135,9,79,2,3,0.8020558122562877,936
42c4fca7-f8a9-3cd1-982a-dd9751bf3e2a,Anthem,220 Virginia Ave,Indianapolis,IN,46204,1-800-331-1476,5854.40,1595.00,1040600.00,35,17,0,10,13,11,46,0,2,0.9596388306524531,480
b1c428d6-4f07-31e0-90f0-68ffa6ff8c76,NO_INSURANCE,,,,,,0.00,151433.69,0.00,0,0,0,0,0,0,0,0,0,NaN,0
b3221cfc-24fb-339e-823d-bc4136cbc4ed,Dual Eligible,7500 Security Blvd,Baltimore,MD,21244,1-877-267-2323,3338.50,1106.54,109000.00,25,0,2,0,11,0,25,0,1,0.0,264
7caa7254-5050-3b5e-9eae-bd5ea30e809c,Medicare,7500 Security Blvd,Baltimore,MD,21244,1-800-633-4227,7249.30,560.00,18500.00,15,0,5,0,5,0,8,0,2,0.7291157684992439,96
7c4411ce-02f1-39b5-b9ec-dfbea9ad3c1a,Medicaid,7500 Security Blvd,Baltimore,MD,21244,1-877-267-2323,50471.70,21706.70,413750.00,297,0,99,0,301,0,89,0,5,0.9521330600261243,1656
d47b3510-2895-3b70-9897-342d681c769d,Humana,500 West Main St,Louisville,KY,40018,1-844-330-7799,935.40,800.00,61200.00,10,0,0,0,40,0,2,0,1,0.9792938579920464,36
6e2f1a2d-27bd-3701-8d08-dae202c58632,Blue Cross Blue Shield,Michigan Plaza,Chicago,IL,60007,1-800-262-2583,36727.76,19950.35,2921400.00,270,0,49,0,139,0,119,0,4,0.9274212784247278,1632
5059a55e-5d6e-34d1-b6cb-d83d16e57bcf,UnitedHealthcare,9800 Healthcare Lane,Minnetonka,MN,55436,1-888-545-5205,1312.48,770.00,114000.00,12,2,0,2,47,0,4,0,2,0.9880148799195897,60
4d71f845-a6a9-3c39-b242-14d25ef86a8d,Aetna,151 Farmington Ave,Hartford,CT,6156,1-800-872-3862,34514.48,19630.00,3420000.00,312,29,0,50,367,5,137,9,4,0.9746623651348506,1716
047f6ec3-6215-35eb-9608-f9dda363a44c,Cigna Health,900 Cottage Grove Rd,Bloomfield,CT,6002,1-800-997-1654,14816.48,4620.00,2053800.00,112,26,0,25,73,14,100,1,4,0.9415150049325658,996
42c4fca7-f8a9-3cd1-982a-dd9751bf3e2a,Anthem,220 Virginia Ave,Indianapolis,IN,46204,1-800-331-1476,8466.56,2640.00,1614800.00,64,83,0,134,25,85,63,2,3,0.9667080355876579,744
b1c428d6-4f07-31e0-90f0-68ffa6ff8c76,NO_INSURANCE,,,,,,0.00,68060.46,0.00,0,86,0,14,0,111,0,50,1,1.715458843143754,324
b3221cfc-24fb-339e-823d-bc4136cbc4ed,Dual Eligible,7500 Security Blvd,Baltimore,MD,21244,1-877-267-2323,0.00,0.00,0.00,0,0,0,0,0,0,0,0,0,NaN,0
7caa7254-5050-3b5e-9eae-bd5ea30e809c,Medicare,7500 Security Blvd,Baltimore,MD,21244,1-800-633-4227,10921.48,532.86,29000.00,14,0,9,0,7,0,12,0,1,0.8197279847213192,120
7c4411ce-02f1-39b5-b9ec-dfbea9ad3c1a,Medicaid,7500 Security Blvd,Baltimore,MD,21244,1-877-267-2323,38496.20,8716.58,193000.00,187,0,46,0,225,0,172,0,5,0.9315197152973392,792
d47b3510-2895-3b70-9897-342d681c769d,Humana,500 West Main St,Louisville,KY,40018,1-844-330-7799,6463.32,4240.00,510000.00,58,11,0,29,124,6,26,0,1,0.930651126745183,300
6e2f1a2d-27bd-3701-8d08-dae202c58632,Blue Cross Blue Shield,Michigan Plaza,Chicago,IL,60007,1-800-262-2583,0.00,0.00,0.00,0,0,0,0,0,0,0,0,0,NaN,0
5059a55e-5d6e-34d1-b6cb-d83d16e57bcf,UnitedHealthcare,9800 Healthcare Lane,Minnetonka,MN,55436,1-888-545-5205,2685.34,1190.00,108300.00,21,3,0,4,53,2,16,0,2,0.7166935196086293,60
4d71f845-a6a9-3c39-b242-14d25ef86a8d,Aetna,151 Farmington Ave,Hartford,CT,6156,1-800-872-3862,1314.94,715.00,24000.00,11,0,0,1,44,0,1,0,1,1.0,12
047f6ec3-6215-35eb-9608-f9dda363a44c,Cigna Health,900 Cottage Grove Rd,Bloomfield,CT,6002,1-800-997-1654,12182.22,4980.00,1392300.00,93,10,0,17,113,0,49,1,1,0.9772645875355594,672
42c4fca7-f8a9-3cd1-982a-dd9751bf3e2a,Anthem,220 Virginia Ave,Indianapolis,IN,46204,1-800-331-1476,9276.94,1980.00,1086800.00,61,39,0,32,22,49,80,1,3,0.9420437687426292,504
b1c428d6-4f07-31e0-90f0-68ffa6ff8c76,NO_INSURANCE,,,,,,0.00,98941.69,0.00,0,186,0,17,0,89,0,51,2,0.5852265669502852,360
b3221cfc-24fb-339e-823d-bc4136cbc4ed,Dual Eligible,7500 Security Blvd,Baltimore,MD,21244,1-877-267-2323,341.28,600.00,9000.00,6,0,0,0,0,0,0,0,1,0.0,72
7caa7254-5050-3b5e-9eae-bd5ea30e809c,Medicare,7500 Security Blvd,Baltimore,MD,21244,1-800-633-4227,0.00,0.00,0.00,0,0,0,0,0,0,0,0,0,NaN,0
7c4411ce-02f1-39b5-b9ec-dfbea9ad3c1a,Medicaid,7500 Security Blvd,Baltimore,MD,21244,1-877-267-2323,39613.23,10384.01,164500.00,155,0,47,0,197,0,81,0,3,0.266147208350942,1080
d47b3510-2895-3b70-9897-342d681c769d,Humana,500 West Main St,Louisville,KY,40018,1-844-330-7799,7577.92,5776.49,809200.00,87,53,0,29,29,0,59,1,3,0.45699887989343135,480
6e2f1a2d-27bd-3701-8d08-dae202c58632,Blue Cross Blue Shield,Michigan Plaza,Chicago,IL,60007,1-800-262-2583,43767.40,12315.30,1468800.00,151,0,58,0,89,0,103,0,2,0.9834117814013962,816
5059a55e-5d6e-34d1-b6cb-d83d16e57bcf,UnitedHealthcare,9800 Healthcare Lane,Minnetonka,MN,55436,1-888-545-5205,6745.36,4550.00,1164700.00,72,17,0,24,39,4,42,3,1,0.8951724280942325,624
4d71f845-a6a9-3c39-b242-14d25ef86a8d,Aetna,151 Farmington Ave,Hartford,CT,6156,1-800-872-3862,10864.32,7020.00,946000.00,114,0,0,7,90,0,42,0,2,0.8117072236284131,480
047f6ec3-6215-35eb-9608-f9dda363a44c,Cigna Health,900 Cottage Grove Rd,Bloomfield,CT,6002,1-800-997-1654,5832.08,600.00,352800.00,41,3,0,10,20,0,66,0,2,0.8662843330048067,180
42c4fca7-f8a9-3cd1-982a-dd9751bf3e2a,Anthem,220 Virginia Ave,Indianapolis,IN,46204,1-800-331-1476,0.00,0.00,0.00,0,0,0,0,0,0,0,0,0,NaN,0
b1c428d6-4f07-31e0-90f0-68ffa6ff8c76,NO_INSURANCE,,,,,,0.00,205727.59,0.00,0,518,0,194,0,287,0,139,2,1.0768685428867741,1080
b3221cfc-24fb-339e-823d-bc4136cbc4ed,Dual Eligible,7500 Security Blvd,Baltimore,MD,21244,1-877-267-2323,0.00,0.00,0.00,0,0,0,0,0,0,0,0,0,NaN,0
7caa7254-5050-3b5e-9eae-bd5ea30e809c,Medicare,7500 Security Blvd,Baltimore,MD,21244,1-800-633-4227,22466.28,5465.11,92250.00,44,0,140,0,25,0,35,0,3,0.716636116244339,384
7c4411ce-02f1-39b5-b9ec-dfbea9ad3c1a,Medicaid,7500 Security Blvd,Baltimore,MD,21244,1-877-267-2323,47777.89,18201.75,132500.00,277,0,62,0,682,0,52,0,5,0.6113159307355072,540
d47b3510-2895-3b70-9897-342d681c769d,Humana,500 West Main St,Louisville,KY,40018,1-844-330-7799,6840.00,4635.00,632400.00,58,59,0,58,133,50,33,0,3,0.8706180892750521,372
6e2f1a2d-27bd-3701-8d08-dae202c58632,Blue Cross Blue Shield,Michigan Plaza,Chicago,IL,60007,1-800-262-2583,32956.56,13432.30,2174400.00,173,0,40,0,176,0,75,0,5,0.9402232005096747,1224
5059a55e-5d6e-34d1-b6cb-d83d16e57bcf,UnitedHealthcare,9800 Healthcare Lane,Minnetonka,MN,55436,1-888-545-5205,20020.00,9380.00,1485800.00,147,20,0,48,231,9,72,4,4,0.9568013854839686,780
4d71f845-a6a9-3c39-b242-14d25ef86a8d,Aetna,151 Farmington Ave,Hartford,CT,6156,1-800-872-3862,13985.00,4615.00,1464000.00,93,58,0,32,122,46,69,0,3,0.9072035826245092,732
047f6ec3-6215-35eb-9608-f9dda363a44c,Cigna Health,900 Cottage Grove Rd,Bloomfield,CT,6002,1-800-997-1654,16560.00,4440.00,1806000.00,105,5,0,21,69,0,87,5,3,0.9582730080240188,876
42c4fca7-f8a9-3cd1-982a-dd9751bf3e2a,Anthem,220 Virginia Ave,Indianapolis,IN,46204,1-800-331-1476,7540.00,2860.00,1240800.00,52,45,0,74,27,73,50,1,3,0.7741211088524271,564
b1c428d6-4f07-31e0-90f0-68ffa6ff8c76,NO_INSURANCE,,,,,,0.00,130243.74,0.00,0,11,0,11,0,4,0,5,0,Infinity,0
b3221cfc-24fb-339e-823d-bc4136cbc4ed,Dual Eligible,7500 Security Blvd,Baltimore,MD,21244,1-877-267-2323,0.00,0.00,0.00,0,0,0,0,0,0,0,0,0,NaN,0
7caa7254-5050-3b5e-9eae-bd5ea30e809c,Medicare,7500 Security Blvd,Baltimore,MD,21244,1-800-633-4227,2459.01,408.37,18500.00,10,0,7,0,4,0,8,0,2,0.6881564781420552,84
7c4411ce-02f1-39b5-b9ec-dfbea9ad3c1a,Medicaid,7500 Security Blvd,Baltimore,MD,21244,1-877-267-2323,48456.42,18139.29,140000.00,289,0,48,0,585,0,64,0,8,0.48521760463840213,672
d47b3510-2895-3b70-9897-342d681c769d,Humana,500 West Main St,Louisville,KY,40018,1-844-330-7799,7967.30,3840.00,940100.00,71,17,0,14,137,8,39,3,4,0.9019067387973089,564
6e2f1a2d-27bd-3701-8d08-dae202c58632,Blue Cross Blue Shield,Michigan Plaza,Chicago,IL,60007,1-800-262-2583,32612.18,19126.08,2061000.00,239,0,92,0,311,0,146,0,6,0.9686368101495714,1152
5059a55e-5d6e-34d1-b6cb-d83d16e57bcf,UnitedHealthcare,9800 Healthcare Lane,Minnetonka,MN,55436,1-888-545-5205,10574.40,4060.00,1200800.00,88,65,0,16,113,53,69,2,4,0.8963610167635082,636
4d71f845-a6a9-3c39-b242-14d25ef86a8d,Aetna,151 Farmington Ave,Hartford,CT,6156,1-800-872-3862,911.70,585.00,96000.00,9,5,0,3,29,4,3,0,1,0.930867909616602,48
047f6ec3-6215-35eb-9608-f9dda363a44c,Cigna Health,900 Cottage Grove Rd,Bloomfield,CT,6002,1-800-997-1654,2943.80,1380.00,352800.00,26,16,0,12,70,11,12,0,3,0.980851113052395,168
42c4fca7-f8a9-3cd1-982a-dd9751bf3e2a,Anthem,220 Virginia Ave,Indianapolis,IN,46204,1-800-331-1476,8341.00,3300.00,2006400.00,70,128,0,121,27,244,67,3,5,0.9726335660493068,912
b1c428d6-4f07-31e0-90f0-68ffa6ff8c76,NO_INSURANCE,,,,,,0.00,141261.29,0.00,0,228,0,70,0,308,0,105,3,1.2324940796992514,1020
b3221cfc-24fb-339e-823d-bc4136cbc4ed,Dual Eligible,7500 Security Blvd,Baltimore,MD,21244,1-877-267-2323,0.00,0.00,0.00,0,0,0,0,0,0,0,0,0,NaN,0
7caa7254-5050-3b5e-9eae-bd5ea30e809c,Medicare,7500 Security Blvd,Baltimore,MD,21244,1-800-633-4227,29211.09,4336.82,61250.00,101,0,25,0,13,0,22,0,2,0.4322855286144867,252
7c4411ce-02f1-39b5-b9ec-dfbea9ad3c1a,Medicaid,7500 Security Blvd,Baltimore,MD,21244,1-877-267-2323,15115.59,5065.78,23750.00,78,0,13,0,237,0,8,0,3,0.9992776677231734,96
d47b3510-2895-3b70-9897-342d681c769d,Humana,500 West Main St,Louisville,KY,40018,1-844-330-7799,0.00,0.00,0.00,0,0,0,0,0,0,0,0,0,NaN,0
6e2f1a2d-27bd-3701-8d08-dae202c58632,Blue Cross Blue Shield,Michigan Plaza,Chicago,IL,60007,1-800-262-2583,41917.28,13885.51,1711800.00,173,0,48,0,240,0,110,0,3,0.9648169859656053,960
5059a55e-5d6e-34d1-b6cb-d83d16e57bcf,UnitedHealthcare,9800 Healthcare Lane,Minnetonka,MN,55436,1-888-545-5205,15797.36,9170.00,2107100.00,164,8,0,27,125,0,120,3,4,0.9713455267528047,1116
4d71f845-a6a9-3c39-b242-14d25ef86a8d,Aetna,151 Farmington Ave,Hartford,CT,6156,1-800-872-3862,8874.52,6102.08,1448000.00,99,8,0,17,50,4,69,0,2,0.9020931196484347,732
047f6ec3-6215-35eb-9608-f9dda363a44c,Cigna Health,900 Cottage Grove Rd,Bloomfield,CT,6002,1-800-997-1654,4690.80,2160.00,667800.00,45,27,0,12,100,16,17,0,2,0.9219496405555907,324
42c4fca7-f8a9-3cd1-982a-dd9751bf3e2a,Anthem,220 Virginia Ave,Indianapolis,IN,46204,1-800-331-1476,5589.76,1870.00,1086800.00,49,25,0,31,26,35,56,0,2,0.9751790248120787,504
b1c428d6-4f07-31e0-90f0-68ffa6ff8c76,NO_INSURANCE,,,,,,0.00,231864.78,0.00,0,444,0,211,0,218,0,226,4,0.9436002876055848,2952
b3221cfc-24fb-339e-823d-bc4136cbc4ed,Dual Eligible,7500 Security Blvd,Baltimore,MD,21244,1-877-267-2323,0.00,0.00,0.00,0,0,0,0,0,0,0,0,0,NaN,0
7caa7254-5050-3b5e-9eae-bd5ea30e809c,Medicare,7500 Security Blvd,Baltimore,MD,21244,1-800-633-4227,34759.66,2138.02,107000.00,61,0,28,0,37,0,41,0,3,0.8846634396300102,444
7c4411ce-02f1-39b5-b9ec-dfbea9ad3c1a,Medicaid,7500 Security Blvd,Baltimore,MD,21244,1-877-267-2323,41919.57,16194.55,110000.00,274,0,22,0,719,0,54,0,7,0.9587802095576037,444
d47b3510-2895-3b70-9897-342d681c769d,Humana,500 West Main St,Louisville,KY,40018,1-844-330-7799,22006.96,15360.00,1526600.00,197,35,0,40,254,13,75,3,4,0.9717736191301587,900
6e2f1a2d-27bd-3701-8d08-dae202c58632,Blue Cross Blue Shield,Michigan Plaza,Chicago,IL,60007,1-800-262-2583,144652.66,29548.54,3216600.00,283,0,142,0,235,0,134,0,6,0.9859051530927647,1788
5059a55e-5d6e-34d1-b6cb-d83d16e57bcf,UnitedHealthcare,9800 Healthcare Lane,Minnetonka,MN,55436,1-888-545-5205,24588.58,13300.00,2363600.00,201,64,0,63,242,39,115,3,5,0.9133934653077417,1260
4d71f845-a6a9-3c39-b242-14d25ef86a8d,Aetna,151 Farmington Ave,Hartford,CT,6156,1-800-872-3862,12559.60,5460.00,720000.00,95,4,0,8,105,1,54,0,3,0.9209734660075336,360
047f6ec3-6215-35eb-9608-f9dda363a44c,Cigna Health,900 Cottage Grove Rd,Bloomfield,CT,6002,1-800-997-1654,28545.04,9960.00,2440200.00,203,19,0,124,168,1,110,7,5,0.8598994049341836,1176
42c4fca7-f8a9-3cd1-982a-dd9751bf3e2a,Anthem,220 Virginia Ave,Indianapolis,IN,46204,1-800-331-1476,134.68,55.00,79200.00,1,7,0,1,0,29,1,0,1,1.0,36
b1c428d6-4f07-31e0-90f0-68ffa6ff8c76,NO_INSURANCE,,,,,,0.00,173397.23,0.00,0,128,0,17,0,178,0,45,1,0.9670288031709147,732
b3221cfc-24fb-339e-823d-bc4136cbc4ed,Dual Eligible,7500 Security Blvd,Baltimore,MD,21244,1-877-267-2323,0.00,0.00,0.00,0,0,0,0,0,0,0,0,0,NaN,0
7caa7254-5050-3b5e-9eae-bd5ea30e809c,Medicare,7500 Security Blvd,Baltimore,MD,21244,1-800-633-4227,28787.04,2173.01,69750.00,61,0,21,0,27,0,26,0,2,0.8893290909840279,288
7c4411ce-02f1-39b5-b9ec-dfbea9ad3c1a,Medicaid,7500 Security Blvd,Baltimore,MD,21244,1-877-267-2323,22749.11,10096.22,63750.00,163,0,16,0,377,0,20,0,5,0.8017099807860664,264
d47b3510-2895-3b70-9897-342d681c769d,Humana,500 West Main St,Louisville,KY,40018,1-844-330-7799,7708.20,6960.00,982600.00,87,7,0,10,152,1,39,1,2,0.9753793794910632,576
6e2f1a2d-27bd-3701-8d08-dae202c58632,Blue Cross Blue Shield,Michigan Plaza,Chicago,IL,60007,1-800-262-2583,5225.40,1466.53,320400.00,39,0,8,0,43,0,42,0,2,0.9333333333333333,180
5059a55e-5d6e-34d1-b6cb-d83d16e57bcf,UnitedHealthcare,9800 Healthcare Lane,Minnetonka,MN,55436,1-888-545-5205,25770.00,16759.32,2038700.00,256,14,0,36,234,0,119,6,6,0.9536285304280547,1080
4d71f845-a6a9-3c39-b242-14d25ef86a8d,Aetna,151 Farmington Ave,Hartford,CT,6156,1-800-872-3862,10567.20,6630.00,696000.00,102,2,0,13,84,0,23,2,1,1.0,348
047f6ec3-6215-35eb-9608-f9dda363a44c,Cigna Health,900 Cottage Grove Rd,Bloomfield,CT,6002,1-800-997-1654,21636.60,8880.00,2664900.00,181,21,0,76,186,8,160,0,5,0.9716422383892198,1272
42c4fca7-f8a9-3cd1-982a-dd9751bf3e2a,Anthem,220 Virginia Ave,Indianapolis,IN,46204,1-800-331-1476,10426.00,3905.00,2153800.00,85,59,0,47,49,141,76,1,3,0.9752151498482975,984
b1c428d6-4f07-31e0-90f0-68ffa6ff8c76,NO_INSURANCE,,,,,,0.00,282865.12,0.00,0,364,0,169,0,179,0,76,2,0.49888967812886775,924
b3221cfc-24fb-339e-823d-bc4136cbc4ed,Dual Eligible,7500 Security Blvd,Baltimore,MD,21244,1-877-267-2323,6469.99,2355.69,18500.00,21,0,7,0,19,0,5,0,1,0.669752965579917,48
7caa7254-5050-3b5e-9eae-bd5ea30e809c,Medicare,7500 Security Blvd,Baltimore,MD,21244,1-800-633-4227,25400.16,2242.46,124500.00,62,0,32,0,48,0,50,0,4,0.858548873839219,528
7c4411ce-02f1-39b5-b9ec-dfbea9ad3c1a,Medicaid,7500 Security Blvd,Baltimore,MD,21244,1-877-267-2323,143788.51,34193.97,273250.00,456,0,157,0,945,0,88,0,7,0.9519281729895401,1092
d47b3510-2895-3b70-9897-342d681c769d,Humana,500 West Main St,Louisville,KY,40018,1-844-330-7799,27509.68,18480.00,2065500.00,242,26,0,87,336,8,93,1,4,0.986630780891443,1212
6e2f1a2d-27bd-3701-8d08-dae202c58632,Blue Cross Blue Shield,Michigan Plaza,Chicago,IL,60007,1-800-262-2583,37304.32,7781.00,1119600.00,77,0,57,0,106,0,51,0,2,0.8894189933000021,624
5059a55e-5d6e-34d1-b6cb-d83d16e57bcf,UnitedHealthcare,9800 Healthcare Lane,Minnetonka,MN,55436,1-888-545-5205,12133.32,3640.00,1191300.00,83,4,0,8,98,2,68,0,4,0.9495813597382157,636
4d71f845-a6a9-3c39-b242-14d25ef86a8d,Aetna,151 Farmington Ave,Hartford,CT,6156,1-800-872-3862,25177.68,11310.00,2164000.00,192,14,0,52,240,5,99,2,4,0.9704834722671797,1080
047f6ec3-6215-35eb-9608-f9dda363a44c,Cigna Health,900 Cottage Grove Rd,Bloomfield,CT,6002,1-800-997-1654,25587.52,10140.00,2100000.00,188,11,0,36,362,0,92,1,4,0.9759735472769697,1008
42c4fca7-f8a9-3cd1-982a-dd9751bf3e2a,Anthem,220 Virginia Ave,Indianapolis,IN,46204,1-800-331-1476,5371.20,330.00,435600.00,30,30,0,11,12,20,47,0,4,0.7645925689314383,204
b1c428d6-4f07-31e0-90f0-68ffa6ff8c76,NO_INSURANCE,,,,,,0.00,204756.95,0.00,0,100,0,56,0,83,0,65,2,1.0049496904455322,684
b3221cfc-24fb-339e-823d-bc4136cbc4ed,Dual Eligible,7500 Security Blvd,Baltimore,MD,21244,1-877-267-2323,0.00,0.00,0.00,0,0,0,0,0,0,0,0,0,NaN,0
7caa7254-5050-3b5e-9eae-bd5ea30e809c,Medicare,7500 Security Blvd,Baltimore,MD,21244,1-800-633-4227,16120.81,2227.05,24500.00,19,0,54,0,7,0,11,0,1,0.8067199279109173,108
7c4411ce-02f1-39b5-b9ec-dfbea9ad3c1a,Medicaid,7500 Security Blvd,Baltimore,MD,21244,1-877-267-2323,20387.11,8205.65,39000.00,129,0,14,0,364,0,17,0,3,0.9517944011302526,156
d47b3510-2895-3b70-9897-342d681c769d,Humana,500 West Main St,Louisville,KY,40018,1-844-330-7799,2217.04,1840.00,248200.00,26,4,0,6,92,2,8,0,2,0.8960859459116091,156
6e2f1a2d-27bd-3701-8d08-dae202c58632,Blue Cross Blue Shield,Michigan Plaza,Chicago,IL,60007,1-800-262-2583,139717.17,37067.98,2793600.00,319,0,224,0,224,0,169,0,4,0.8937786799814392,1572
5059a55e-5d6e-34d1-b6cb-d83d16e57bcf,UnitedHealthcare,9800 Healthcare Lane,Minnetonka,MN,55436,1-888-545-5205,10251.92,5098.51,1552300.00,99,71,0,126,138,18,73,11,5,0.8165335777303593,828
4d71f845-a6a9-3c39-b242-14d25ef86a8d,Aetna,151 Farmington Ave,Hartford,CT,6156,1-800-872-3862,22993.76,15080.00,2470000.00,244,4,0,128,136,0,106,3,2,0.9551334649261953,1236
047f6ec3-6215-35eb-9608-f9dda363a44c,Cigna Health,900 Cottage Grove Rd,Bloomfield,CT,6002,1-800-997-1654,3457.04,600.00,203700.00,26,3,0,8,40,0,36,0,2,0.8508673482050487,108
42c4fca7-f8a9-3cd1-982a-dd9751bf3e2a,Anthem,220 Virginia Ave,Indianapolis,IN,46204,1-800-331-1476,2964.76,0.00,268400.00,19,12,0,8,12,3,37,0,1,0.9064409060740574,132
b1c428d6-4f07-31e0-90f0-68ffa6ff8c76,NO_INSURANCE,,,,,,0.00,158237.12,0.00,0,0,0,0,0,0,0,0,0,NaN,0
b3221cfc-24fb-339e-823d-bc4136cbc4ed,Dual Eligible,7500 Security Blvd,Baltimore,MD,21244,1-877-267-2323,0.00,0.00,0.00,0,0,0,0,0,0,0,0,0,NaN,0
7caa7254-5050-3b5e-9eae-bd5ea30e809c,Medicare,7500 Security Blvd,Baltimore,MD,21244,1-800-633-4227,64060.39,6724.49,153250.00,129,0,86,0,64,0,59,0,4,0.8597498074203468,636
7c4411ce-02f1-39b5-b9ec-dfbea9ad3c1a,Medicaid,7500 Security Blvd,Baltimore,MD,21244,1-877-267-2323,42454.99,21692.37,120250.00,346,0,26,0,1030,0,23,0,7,0.8436210420055487,492
d47b3510-2895-3b70-9897-342d681c769d,Humana,500 West Main St,Louisville,KY,40018,1-844-330-7799,17334.46,12320.00,2023000.00,187,23,0,43,226,6,135,3,6,0.9279865514602819,1200
6e2f1a2d-27bd-3701-8d08-dae202c58632,Blue Cross Blue Shield,Michigan Plaza,Chicago,IL,60007,1-800-262-2583,100730.53,44129.01,3691800.00,549,0,105,0,597,0,187,0,7,0.929463461609007,2076
5059a55e-5d6e-34d1-b6cb-d83d16e57bcf,UnitedHealthcare,9800 Healthcare Lane,Minnetonka,MN,55436,1-888-545-5205,10363.86,8190.00,1117200.00,117,15,0,61,251,2,36,1,6,0.9489804132155744,588
4d71f845-a6a9-3c39-b242-14d25ef86a8d,Aetna,151 Farmington Ave,Hartford,CT,6156,1-800-872-3862,374.32,260.00,72000.00,4,0,0,0,23,0,0,0,2,1.0,36
047f6ec3-6215-35eb-9608-f9dda363a44c,Cigna Health,900 Cottage Grove Rd,Bloomfield,CT,6002,1-800-997-1654,35728.68,19140.00,2979900.00,346,17,0,59,390,3,128,5,6,0.8373335181476035,1428
42c4fca7-f8a9-3cd1-982a-dd9751bf3e2a,Anthem,220 Virginia Ave,Indianapolis,IN,46204,1-800-331-1476,8988.56,4015.00,1841400.00,82,89,0,38,40,252,51,1,4,0.8819101243950435,852
b1c428d6-4f07-31e0-90f0-68ffa6ff8c76,NO_INSURANCE,,,,,,0.00,106897.55,0.00,0,60,0,7,0,108,0,23,1,0.9812162060848093,228
b3221cfc-24fb-339e-823d-bc4136cbc4ed,Dual Eligible,7500 Security Blvd,Baltimore,MD,21244,1-877-267-2323,0.00,0.00,0.00,0,0,0,0,0,0,0,0,0,NaN,0
7caa7254-5050-3b5e-9eae-bd5ea30e809c,Medicare,7500 Security Blvd,Baltimore,MD,21244,1-800-633-4227,0.00,0.00,0.00,0,0,0,0,0,0,0,0,0,NaN,0
7c4411ce-02f1-39b5-b9ec-dfbea9ad3c1a,Medicaid,7500 Security Blvd,Baltimore,MD,21244,1-877-267-2323,58825.59,18157.09,179500.00,262,0,68,0,236,0,69,0,4,0.5185543608687576,720
d47b3510-2895-3b70-9897-342d681c769d,Humana,500 West Main St,Louisville,KY,40018,1-844-330-7799,4263.02,400.00,273700.00,31,4,0,10,15,0,58,0,2,0.8570621226055939,168
6e2f1a2d-27bd-3701-8d08-dae202c58632,Blue Cross Blue Shield,Michigan Plaza,Chicago,IL,60007,1-800-262-2583,15099.07,6534.55,396000.00,87,0,17,0,87,0,47,0,2,0.9444675044422125,228
5059a55e-5d6e-34d1-b6cb-d83d16e57bcf,UnitedHealthcare,9800 Healthcare Lane,Minnetonka,MN,55436,1-888-545-5205,9263.26,6230.00,1274900.00,103,94,0,46,128,78,67,4,2,0.9431802813629815,672
4d71f845-a6a9-3c39-b242-14d25ef86a8d,Aetna,151 Farmington Ave,Hartford,CT,6156,1-800-872-3862,256.26,195.00,24000.00,3,0,0,0,4,0,0,0,1,0.520501625548357,12
047f6ec3-6215-35eb-9608-f9dda363a44c,Cigna Health,900 Cottage Grove Rd,Bloomfield,CT,6002,1-800-997-1654,9489.90,5138.40,966000.00,101,20,0,19,116,0,63,0,3,0.8571837009310235,468
42c4fca7-f8a9-3cd1-982a-dd9751bf3e2a,Anthem,220 Virginia Ave,Indianapolis,IN,46204,1-800-331-1476,300.84,0.00,169400.00,2,39,0,2,0,5,3,0,1,0.0,84
b1c428d6-4f07-31e0-90f0-68ffa6ff8c76,NO_INSURANCE,,,,,,0.00,73649.74,0.00,0,95,0,21,0,39,0,61,2,0.9834742294269099,768
b3221cfc-24fb-339e-823d-bc4136cbc4ed,Dual Eligible,7500 Security Blvd,Baltimore,MD,21244,1-877-267-2323,0.00,0.00,0.00,0,0,0,0,0,0,0,0,0,NaN,0
7caa7254-5050-3b5e-9eae-bd5ea30e809c,Medicare,7500 Security Blvd,Baltimore,MD,21244,1-800-633-4227,28801.71,7472.45,39000.00,175,0,34,0,22,0,21,0,4,0.6713836185492964,168
7c4411ce-02f1-39b5-b9ec-dfbea9ad3c1a,Medicaid,7500 Security Blvd,Baltimore,MD,21244,1-877-267-2323,86566.59,18677.09,346750.00,260,0,101,0,304,0,124,0,6,0.9124825800627994,1404
d47b3510-2895-3b70-9897-342d681c769d,Humana,500 West Main St,Louisville,KY,40018,1-844-330-7799,7459.28,5680.00,895900.00,77,6,0,49,62,0,43,4,2,0.960337456017534,528
6e2f1a2d-27bd-3701-8d08-dae202c58632,Blue Cross Blue Shield,Michigan Plaza,Chicago,IL,60007,1-800-262-2583,117081.87,45148.84,3826800.00,467,0,283,0,273,0,181,0,4,0.966135250267678,2136
5059a55e-5d6e-34d1-b6cb-d83d16e57bcf,UnitedHealthcare,9800 Healthcare Lane,Minnetonka,MN,55436,1-888-545-5205,18281.36,11410.00,1706200.00,174,12,0,40,143,5,56,0,3,0.8743418961525867,900
4d71f845-a6a9-3c39-b242-14d25ef86a8d,Aetna,151 Farmington Ave,Hartford,CT,6156,1-800-872-3862,0.00,0.00,0.00,0,0,0,0,0,0,0,0,0,NaN,0
047f6ec3-6215-35eb-9608-f9dda363a44c,Cigna Health,900 Cottage Grove Rd,Bloomfield,CT,6002,1-800-997-1654,15647.04,7560.00,1659000.00,136,3,0,10,103,0,48,1,2,0.9845279669846311,792
42c4fca7-f8a9-3cd1-982a-dd9751bf3e2a,Anthem,220 Virginia Ave,Indianapolis,IN,46204,1-800-331-1476,4509.96,2145.00,820600.00,39,74,0,90,14,104,32,0,1,0.9746147145791514,372
b1c428d6-4f07-31e0-90f0-68ffa6ff8c76,NO_INSURANCE,,,,,,0.00,97535.77,0.00,0,103,0,30,0,124,0,50,1,0.8159135561769697,360
b3221cfc-24fb-339e-823d-bc4136cbc4ed,Dual Eligible,7500 Security Blvd,Baltimore,MD,21244,1-877-267-2323,0.00,0.00,0.00,0,0,0,0,0,0,0,0,0,NaN,0
7caa7254-5050-3b5e-9eae-bd5ea30e809c,Medicare,7500 Security Blvd,Baltimore,MD,21244,1-800-633-4227,885.59,80.00,8750.00,3,0,2,0,1,0,5,0,1,0.5744219235798127,36
7c4411ce-02f1-39b5-b9ec-dfbea9ad3c1a,Medicaid,7500 Security Blvd,Baltimore,MD,21244,1-877-267-2323,11763.28,3004.23,63500.00,82,0,1,0,44,0,75,0,4,0.8481712245678089,264
d47b3510-2895-3b70-9897-342d681c769d,Humana,500 West Main St,Louisville,KY,40018,1-844-330-7799,0.00,0.00,0.00,0,0,0,0,0,0,0,0,0,NaN,0
6e2f1a2d-27bd-3701-8d08-dae202c58632,Blue Cross Blue Shield,Michigan Plaza,Chicago,IL,60007,1-800-262-2583,0.00,0.00,0.00,0,0,0,0,0,0,0,0,0,NaN,0
5059a55e-5d6e-34d1-b6cb-d83d16e57bcf,UnitedHealthcare,9800 Healthcare Lane,Minnetonka,MN,55436,1-888-545-5205,22627.36,10567.51,2344600.00,185,17,0,37,116,1,152,5,4,0.9141357997954151,1248
4d71f845-a6a9-3c39-b242-14d25ef86a8d,Aetna,151 Farmington Ave,Hartford,CT,6156,1-800-872-3862,21711.60,7995.00,2398000.00,165,100,0,47,117,12,109,5,3,0.7692413027175978,1212
047f6ec3-6215-35eb-9608-f9dda363a44c,Cigna Health,900 Cottage Grove Rd,Bloomfield,CT,6002,1-800-997-1654,0.00,0.00,0.00,0,0,0,0,0,0,0,0,0,NaN,0
42c4fca7-f8a9-3cd1-982a-dd9751bf3e2a,Anthem,220 Virginia Ave,Indianapolis,IN,46204,1-800-331-1476,6701.88,1760.00,1100000.00,47,117,0,36,25,116,55,1,2,0.880606030300799,504
b1c428d6-4f07-31e0-90f0-68ffa6ff8c76,NO_INSURANCE,,,,,,0.00,84232.62,0.00,0,58,0,4,0,104,0,46,1,0.9583333333333334,288
b3221cfc-24fb-339e-823d-bc4136cbc4ed,Dual Eligible,7500 Security Blvd,Baltimore,MD,21244,1-877-267-2323,0.00,0.00,0.00,0,0,0,0,0,0,0,0,0,NaN,0
7caa7254-5050-3b5e-9eae-bd5ea30e809c,Medicare,7500 Security Blvd,Baltimore,MD,21244,1-800-633-4227,0.00,0.00,0.00,0,0,0,0,0,0,0,0,0,NaN,0
7c4411ce-02f1-39b5-b9ec-dfbea9ad3c1a,Medicaid,7500 Security Blvd,Baltimore,MD,21244,1-877-267-2323,5896.56,3839.79,15000.00,61,0,8,0,185,0,8,0,2,0.9821364203170428,60
d47b3510-2895-3b70-9897-342d681c769d,Humana,500 West Main St,Louisville,KY,40018,1-844-330-7799,7685.56,7280.00,1388900.00,108,9,0,60,87,6,69,1,2,0.8884824202354757,828
6e2f1a2d-27bd-3701-8d08-dae202c58632,Blue Cross Blue Shield,Michigan Plaza,Chicago,IL,60007,1-800-262-2583,486381.12,105475.03,4626000.00,757,0,891,0,442,0,208,0,4,0.8402952199821224,2580
5059a55e-5d6e-34d1-b6cb-d83d16e57bcf,UnitedHealthcare,9800 Healthcare Lane,Minnetonka,MN,55436,1-888-545-5205,20272.48,16310.00,2181200.00,264,17,0,112,245,2,149,3,4,0.9754296017163919,1152
4d71f845-a6a9-3c39-b242-14d25ef86a8d,Aetna,151 Farmington Ave,Hartford,CT,6156,1-800-872-3862,212.14,65.00,6000.00,2,0,0,0,4,0,2,0,1,0.0,12
047f6ec3-6215-35eb-9608-f9dda363a44c,Cigna Health,900 Cottage Grove Rd,Bloomfield,CT,6002,1-800-997-1654,19509.69,10560.00,3618300.00,217,86,0,240,95,9,117,16,3,0.8984597792871343,1740
42c4fca7-f8a9-3cd1-982a-dd9751bf3e2a,Anthem,220 Virginia Ave,Indianapolis,IN,46204,1-800-331-1476,0.00,0.00,0.00,0,0,0,0,0,0,0,0,0,NaN,0
b1c428d6-4f07-31e0-90f0-68ffa6ff8c76,NO_INSURANCE,,,,,,0.00,229009.47,0.00,0,40,0,7,0,18,0,45,1,0.95,240
b3221cfc-24fb-339e-823d-bc4136cbc4ed,Dual Eligible,7500 Security Blvd,Baltimore,MD,21244,1-877-267-2323,0.00,0.00,0.00,0,0,0,0,0,0,0,0,0,NaN,0
7caa7254-5050-3b5e-9eae-bd5ea30e809c,Medicare,7500 Security Blvd,Baltimore,MD,21244,1-800-633-4227,18125.52,1404.30,45000.00,35,0,15,0,5,0,16,0,1,0.9154121140621955,192
7c4411ce-02f1-39b5-b9ec-dfbea9ad3c1a,Medicaid,7500 Security Blvd,Baltimore,MD,21244,1-877-267-2323,7141.12,3385.59,20750.00,58,0,3,0,205,0,7,0,3,0.9987761854762963,84
d47b3510-2895-3b70-9897-342d681c769d,Humana,500 West Main St,Louisville,KY,40018,1-844-330-7799,7120.72,2560.00,627300.00,59,6,0,11,37,2,77,1,3,0.9352889015759047,372
6e2f1a2d-27bd-3701-8d08-dae202c58632,Blue Cross Blue Shield,Michigan Plaza,Chicago,IL,60007,1-800-262-2583,6314.43,2983.02,388800.00,48,0,5,0,60,0,44,0,1,1.0,216
5059a55e-5d6e-34d1-b6cb-d83d16e57bcf,UnitedHealthcare,9800 Healthcare Lane,Minnetonka,MN,55436,1-888-545-5205,11140.64,6580.00,1888600.00,108,4,0,17,48,0,87,2,2,0.9676289674710135,1008
4d71f845-a6a9-3c39-b242-14d25ef86a8d,Aetna,151 Farmington Ave,Hartford,CT,6156,1-800-872-3862,17168.60,10725.00,1376000.00,170,3,0,10,148,0,54,0,3,0.9756855446380923,696
047f6ec3-6215-35eb-9608-f9dda363a44c,Cigna Health,900 Cottage Grove Rd,Bloomfield,CT,6002,1-800-997-1654,0.00,0.00,0.00,0,0,0,0,0,0,0,0,0,NaN,0
42c4fca7-f8a9-3cd1-982a-dd9751bf3e2a,Anthem,220 Virginia Ave,Indianapolis,IN,46204,1-800-331-1476,12001.56,5555.00,3137200.00,107,132,0,124,51,99,111,6,4,0.9589821552952771,1440
b1c428d6-4f07-31e0-90f0-68ffa6ff8c76,NO_INSURANCE,,,,,,0.00,84025.41,0.00,0,78,0,49,0,39,0,71,2,0.932461904486196,600
b3221cfc-24fb-339e-823d-bc4136cbc4ed,Dual Eligible,7500 Security Blvd,Baltimore,MD,21244,1-877-267-2323,0.00,0.00,0.00,0,0,0,0,0,0,0,0,0,NaN,0
7caa7254-5050-3b5e-9eae-bd5ea30e809c,Medicare,7500 Security Blvd,Baltimore,MD,21244,1-800-633-4227,24444.88,1936.34,60750.00,48,0,20,0,20,0,25,0,2,0.9047619047619048,252
7c4411ce-02f1-39b5-b9ec-dfbea9ad3c1a,Medicaid,7500 Security Blvd,Baltimore,MD,21244,1-877-267-2323,5851.92,2240.04,11750.00,36,0,3,0,123,0,1,0,2,0.8806060240413894,48
d47b3510-2895-3b70-9897-342d681c769d,Humana,500 West Main St,Louisville,KY,40018,1-844-330-7799,9076.24,5040.00,1152600.00,74,5,0,13,65,0,48,4,2,0.8270081209155582,684
6e2f1a2d-27bd-3701-8d08-dae202c58632,Blue Cross Blue Shield,Michigan Plaza,Chicago,IL,60007,1-800-262-2583,0.00,0.00,0.00,0,0,0,0,0,0,0,0,0,NaN,0
5059a55e-5d6e-34d1-b6cb-d83d16e57bcf,UnitedHealthcare,9800 Healthcare Lane,Minnetonka,MN,55436,1-888-545-5205,11416.12,5180.00,940500.00,87,4,0,12,74,0,65,0,2,0.9756888789940548,504
4d71f845-a6a9-3c39-b242-14d25ef86a8d,Aetna,151 Farmington Ave,Hartford,CT,6156,1-800-872-3862,15861.32,4550.00,1648000.00,107,3,0,8,90,0,104,4,3,0.8451392657796628,828
047f6ec3-6215-35eb-9608-f9dda363a44c,Cigna Health,900 Cottage Grove Rd,Bloomfield,CT,6002,1-800-997-1654,39351.28,13680.00,4189500.00,278,23,0,99,170,7,190,6,5,0.9798805950466968,2004
42c4fca7-f8a9-3cd1-982a-dd9751bf3e2a,Anthem,220 Virginia Ave,Indianapolis,IN,46204,1-800-331-1476,4141.72,55.00,356400.00,22,18,0,31,12,10,43,0,2,0.9040050747872214,168
b1c428d6-4f07-31e0-90f0-68ffa6ff8c76,NO_INSURANCE,,,,,,0.00,203275.45,0.00,0,10,0,12,0,19,0,2,1,1.0,12
b3221cfc-24fb-339e-823d-bc4136cbc4ed,Dual Eligible,7500 Security Blvd,Baltimore,MD,21244,1-877-267-2323,0.00,0.00,0.00,0,0,0,0,0,0,0,0,0,NaN,0
7caa7254-5050-3b5e-9eae-bd5ea30e809c,Medicare,7500 Security Blvd,Baltimore,MD,21244,1-800-633-4227,0.00,0.00,500.00,0,0,0,0,0,0,0,0,1,0.0,12
7c4411ce-02f1-39b5-b9ec-dfbea9ad3c1a,Medicaid,7500 Security Blvd,Baltimore,MD,21244,1-877-267-2323,63438.68,36615.49,540750.00,550,0,187,0,667,0,202,0,7,0.9446553994340489,2184
d47b3510-2895-3b70-9897-342d681c769d,Humana,500 West Main St,Louisville,KY,40018,1-844-330-7799,2711.54,160.00,221000.00,21,0,0,1,12,0,37,0,1,0.9090909090909091,132
6e2f1a2d-27bd-3701-8d08-dae202c58632,Blue Cross Blue Shield,Michigan Plaza,Chicago,IL,60007,1-800-262-2583,0.00,0.00,0.00,0,0,0,0,0,0,0,0,0,NaN,0
5059a55e-5d6e-34d1-b6cb-d83d16e57bcf,UnitedHealthcare,9800 Healthcare Lane,Minnetonka,MN,55436,1-888-545-5205,9490.12,9380.00,1666300.00,138,8,0,32,200,0,77,2,3,0.9731047872819574,876
4d71f845-a6a9-3c39-b242-14d25ef86a8d,Aetna,151 Farmington Ave,Hartford,CT,6156,1-800-872-3862,4503.74,2470.00,882000.00,51,21,0,19,68,8,31,4,2,0.9063278489299889,444
047f6ec3-6215-35eb-9608-f9dda363a44c,Cigna Health,900 Cottage Grove Rd,Bloomfield,CT,6002,1-800-997-1654,5832.24,4560.00,707700.00,76,7,0,21,139,2,29,0,2,0.9868765623591338,336
42c4fca7-f8a9-3cd1-982a-dd9751bf3e2a,Anthem,220 Virginia Ave,Indianapolis,IN,46204,1-800-331-1476,2568.28,440.00,580800.00,22,16,0,32,8,8,24,1,1,0.7528085587680855,264
b1c428d6-4f07-31e0-90f0-68ffa6ff8c76,NO_INSURANCE,,,,,,0.00,164177.19,0.00,0,399,0,132,0,224,0,113,2,0.5557485279776353,1212
b3221cfc-24fb-339e-823d-bc4136cbc4ed,Dual Eligible,7500 Security Blvd,Baltimore,MD,21244,1-877-267-2323,0.00,0.00,0.00,0,0,0,0,0,0,0,0,0,NaN,0
7caa7254-5050-3b5e-9eae-bd5ea30e809c,Medicare,7500 Security Blvd,Baltimore,MD,21244,1-800-633-4227,2596.74,294.48,28750.00,17,0,3,0,7,0,13,0,1,0.8771583696361477,120
7c4411ce-02f1-39b5-b9ec-dfbea9ad3c1a,Medicaid,7500 Security Blvd,Baltimore,MD,21244,1-877-267-2323,66594.66,24637.78,321000.00,359,0,121,0,692,0,113,0,5,0.07692307692307693,1404
d47b3510-2895-3b70-9897-342d681c769d,Humana,500 West Main St,Louisville,KY,40018,1-844-330-7799,12687.96,7280.00,1609900.00,118,8,0,29,61,0,85,3,2,0.9775011838221553,948
6e2f1a2d-27bd-3701-8d08-dae202c58632,Blue Cross Blue Shield,Michigan Plaza,Chicago,IL,60007,1-800-262-2583,73013.99,20897.29,2543400.00,199,0,134,0,82,0,112,0,3,0.8874951897115684,1428
5059a55e-5d6e-34d1-b6cb-d83d16e57bcf,UnitedHealthcare,9800 Healthcare Lane,Minnetonka,MN,55436,1-888-545-5205,12028.74,7770.00,1480100.00,117,5,0,61,54,0,66,0,2,0.9504894977040367,792
4d71f845-a6a9-3c39-b242-14d25ef86a8d,Aetna,151 Farmington Ave,Hartford,CT,6156,1-800-872-3862,16073.46,8125.00,888000.00,143,11,0,21,145,3,78,0,2,0.960703246663983,444
047f6ec3-6215-35eb-9608-f9dda363a44c,Cigna Health,900 Cottage Grove Rd,Bloomfield,CT,6002,1-800-997-1654,786.10,60.00,88200.00,5,1,0,3,2,0,8,0,3,0.4,60
42c4fca7-f8a9-3cd1-982a-dd9751bf3e2a,Anthem,220 Virginia Ave,Indianapolis,IN,46204,1-800-331-1476,9264.62,2750.00,1683000.00,71,26,0,48,32,43,78,0,3,0.9537529402265503,780
b1c428d6-4f07-31e0-90f0-68ffa6ff8c76,NO_INSURANCE,,,,,,0.00,139885.03,0.00,0,169,0,23,0,339,0,64,1,4.607353587941004,324
b3221cfc-24fb-339e-823d-bc4136cbc4ed,Dual Eligible,7500 Security Blvd,Baltimore,MD,21244,1-877-267-2323,0.00,0.00,0.00,0,0,0,0,0,0,0,0,0,NaN,0
7caa7254-5050-3b5e-9eae-bd5ea30e809c,Medicare,7500 Security Blvd,Baltimore,MD,21244,1-800-633-4227,141537.84,12215.35,58250.00,135,0,189,0,83,0,18,0,1,0.46174854950046484,240
7c4411ce-02f1-39b5-b9ec-dfbea9ad3c1a,Medicaid,7500 Security Blvd,Baltimore,MD,21244,1-877-267-2323,45793.87,12936.51,116250.00,213,0,35,0,446,0,72,0,6,0.9288827432049722,480
d47b3510-2895-3b70-9897-342d681c769d,Humana,500 West Main St,Louisville,KY,40018,1-844-330-7799,14200.00,7600.00,1224000.00,109,2,0,121,96,0,64,2,3,0.9649150348929348,720
6e2f1a2d-27bd-3701-8d08-dae202c58632,Blue Cross Blue Shield,Michigan Plaza,Chicago,IL,60007,1-800-262-2583,68025.00,27462.04,2295000.00,330,0,71,0,548,0,114,0,5,0.9891050597549437,1272
5059a55e-5d6e-34d1-b6cb-d83d16e57bcf,UnitedHealthcare,9800 Healthcare Lane,Minnetonka,MN,55436,1-888-545-5205,31230.00,13370.00,3123600.00,223,118,0,331,177,11,132,12,4,0.8685904454754015,1656
4d71f845-a6a9-3c39-b242-14d25ef86a8d,Aetna,151 Farmington Ave,Hartford,CT,6156,1-800-872-3862,21765.00,9035.00,1572000.00,154,20,0,84,204,13,64,0,5,0.8335035490826289,792
047f6ec3-6215-35eb-9608-f9dda363a44c,Cigna Health,900 Cottage Grove Rd,Bloomfield,CT,6002,1-800-997-1654,6580.00,2820.00,632100.00,47,9,0,9,84,3,24,0,1,0.9857472778795856,300
42c4fca7-f8a9-3cd1-982a-dd9751bf3e2a,Anthem,220 Virginia Ave,Indianapolis,IN,46204,1-800-331-1476,3145.00,55.00,396000.00,16,46,0,11,4,74,26,1,2,0.7966494180275481,192
b1c428d6-4f07-31e0-90f0-68ffa6ff8c76,NO_INSURANCE,,,,,,0.00,462289.77,0.00,0,30,0,6,0,13,0,34,2,0.9942001172560849,156
